Fecha,Producto,Precio,Almacen
10 Apr 2024,12 MINI MARCADORES LAVABLES P/,8117,Dollarcity
05 Jan 2024,ACEITE DIANA*2000ml C/VITAMINAS A/D,20500,Mercamio
01 Oct 2023,ACEITE DIANA*2000ml C/VITAMINAS A/D,20500,Mercamio
15 Apr 2024,ACEITE GIRASOL CADADIA*3000ml,21950,Mercamio
25 Nov 2023,ACEITE OLEOCALI*1000ml,11250,Mercamio
04 Nov 2023,ACEITE OLIVA EX/VIR S/FELIPE*1000ml,39990,Mercamio
15 Jan 2024,AGUA BRISA*600ml*6und PET,6400,Mercamio
04 Feb 2024,AGUA MANANTIAL*1500ml,3990,Mercamio
04 Feb 2024,AGUA MANANTIAL*1500ml,3990,Mercamio
04 Feb 2024,AGUA MANANTIAL*1500ml,3990,Mercamio
15 Jan 2024,AGUA MIA*1000ml NATURAL PET,990,Mercamio
05 Jan 2024,AGUA MIA*1000ml NATURAL PET,990,Mercamio
05 Jan 2024,AGUA MIA*1000ml NATURAL PET,990,Mercamio
27 Nov 2023,AGUA MIA*1000ml NATURAL PET,990,Mercamio
27 Nov 2023,AGUA MIA*1000ml NATURAL PET,990,Mercamio
27 Sep 2023,AGUA MIA*1000ml NATURAL PET,990,Mercamio
20 Oct 2023,AGUACATE HASS*KILO,6000,Mercamio
01 Oct 2023,AGUACATE HASS*KILO,5200,Mercamio
15 Apr 2024,AGUACATE PAPELILLO VERDE*KILO,14200,Mercamio
10 Mar 2024,AGUACATE PAPELILLO VERDE*KILO,12800,Mercamio
27 Feb 2024,AGUACATE PAPELILLO VERDE*KILO,12800,Mercamio
14 Feb 2024,AGUACATE PAPELILLO VERDE*KILO,12799,Mercamio
23 Jan 2024,AGUACATE PAPELILLO VERDE*KILO,12800,Mercamio
15 Jan 2024,AGUACATE PAPELILLO VERDE*KILO,12800,Mercamio
02 Jan 2024,AGUACATE PAPELILLO VERDE*KILO,11000,Mercamio
12 Dec 2023,AGUACATE PAPELILLO VERDE*KILO,9800,Mercamio
01 Oct 2023,AGUACATE PAPELILLO VERDE*KILO,9400,Mercamio
14 Aug 2023,AGUACATE PAPELILLO VERDE*KILO,5800,Mercamio
01 Oct 2023,AJO EL REY*25g PURO,1888,Mercamio
01 Oct 2023,AJO EL REY*25g PURO,1888,Mercamio
05 Jan 2024,AJO EL REY*55g CHAPETA,1250,Mercamio
05 Jan 2024,AJO EL REY*55g CHAPETA,1250,Mercamio
03 Mar 2024,ALIM DOGOURMET*1000g ADULTOS C/PARR,11950,Mercamio
03 Mar 2024,ALIM DOGOURMET*1000g PAVO/POLLO ADULTO,11950,Mercamio
21 Apr 2024,ALIM DOGOURMET*2000g ADUL 2/PROT SALM/CA,19450,Mercamio
12 Dec 2023,ALIM DOGOURMET*2000g ADULTO CARNE PARRIL,18990,Mercamio
11 Sep 2023,ALIM DOGOURMET*2000g ADULTO CARNE PARRIL,18990,Mercamio
27 Aug 2023,ALIM DOGOURMET*2000g ADULTO CARNE PARRIL,18809,Mercamio
27 Aug 2023,ALIM DOGOURMET*2000g ADULTO CARNE PARRIL,18809,Mercamio
25 Mar 2024,ALIM DOGOURMET*2000g PAVO/POLLO ADULTO,19450,Mercamio
12 Dec 2023,ALIM DOGOURMET*2000g PAVO/POLLO ADULTO,18990,Mercamio
03 Mar 2024,ALIM PEDIGREE*100g ADUL RP/CARNE POUCH,2690,Mercamio
03 Mar 2024,ALIM PEDIGREE*100g ADUL RP/CARNE POUCH,2690,Mercamio
03 Mar 2024,ALIM PEDIGREE*100g ADUL RP/CARNE POUCH,2690,Mercamio
03 Mar 2024,ALIM PEDIGREE*100g POUCHES ADUL RP/POLLO,2690,Mercamio
03 Mar 2024,ALIM PEDIGREE*100g POUCHES ADUL RP/POLLO,2690,Mercamio
03 Mar 2024,ALIM PEDIGREE*100g POUCHES ADUL RP/POLLO,2690,Mercamio
27 Aug 2023,ALIM PEDIGREE*100g POUCHES ADUL RP/POLLO,2850,Mercamio
27 Aug 2023,ALIM PEDIGREE*100g POUCHES ADUL RP/POLLO,2850,Mercamio
27 Aug 2023,ALIM PEDIGREE*100g POUCHES ADUL RP/POLLO,2850,Mercamio
27 Aug 2023,ALIM PEDIGREE*100g POUCHES ADUL RP/POLLO,2850,Mercamio
27 Aug 2023,ALIM PEDIGREE*100g POUCHES ADUL RP/POLLO,2850,Mercamio
12 Dec 2023,ALIM PEDIGREE*100g*5und STDO ECONO PACK,11400,Mercamio
11 Sep 2023,ALIM PEDIGREE*100g*5und STDO ECONO PACK,11400,Mercamio
21 Apr 2024,ALIM PEDIGREE*100g*8und POUCH STDO P6LL8,15990,Mercamio
25 Mar 2024,ALIM PEDIGREE*100g*8und POUCH STDO P6LL8,15990,Mercamio
25 Mar 2024,ALIM PEDIGREE*100g*8und POUCH STDO P6LL8,15990,Mercamio
03 May 2024,AMB MERCAMIO*40ml AZAHARES DE LIMA,6390,Mercamio
03 May 2024,AMB MERCAMIO*40ml AZAHARES DE LIMA,6390,Mercamio
03 Mar 2024,AMB MERCAMIO*40ml AZAHARES DE LIMA,5990,Mercamio
05 Jan 2024,AMB MERCAMIO*40ml AZAHARES DE LIMA,6390,Mercamio
05 Jan 2024,AMB MERCAMIO*40ml AZAHARES DE LIMA,6390,Mercamio
20 Oct 2023,AMB MERCAMIO*40ml AZAHARES DE LIMA,6390,Mercamio
11 Sep 2023,AMB MERCAMIO*40ml AZAHARES DE LIMA,6390,Mercamio
11 Sep 2023,AMB MERCAMIO*40ml AZAHARES DE LIMA,6390,Mercamio
27 Aug 2023,AMB MERCAMIO*40ml AZAHARES DE LIMA,6390,Mercamio
14 Aug 2023,AMB MERCAMIO*40ml AZAHARES DE LIMA,6390,Mercamio
15 Nov 2023,AMB MERCAMIO*40ml DIF/BAMBU FRUT/TROPICO,6390,Mercamio
21 Apr 2024,ARANDANO BIOHUERTO*125g ORGANICO,9400,Mercamio
15 Apr 2024,ARANDANO BIOHUERTO*125g ORGANICO,9400,Mercamio
14 Feb 2024,ARANDANO BIOHUERTO*125g ORGANICO,9400,Mercamio
27 Nov 2023,ARANDANO BIOHUERTO*125g ORGANICO,9400,Mercamio
04 Nov 2023,ARANDANO BIOHUERTO*125g ORGANICO,9400,Mercamio
20 Oct 2023,ARANDANO BIOHUERTO*125g ORGANICO,9400,Mercamio
31 Mar 2024,ARANDANOS FRUTAS*125g,6800,Mercamio
10 Mar 2024,ARANDANOS FRUTAS*125g,6800,Mercamio
04 Feb 2024,ARANDANOS FRUTAS*125g,5600,Mercamio
15 Jan 2024,ARANDANOS FRUTAS*125g,5600,Mercamio
05 Jan 2024,ARANDANOS FRUTAS*125g,5600,Mercamio
12 Dec 2023,ARANDANOS FRUTAS*125g,6200,Mercamio
15 Nov 2023,ARANDANOS FRUTAS*125g,7000,Mercamio
11 Sep 2023,ARANDANOS FRUTAS*125g,6300,Mercamio
11 Sep 2023,ARANDANOS FRUTAS*125g,6300,Mercamio
14 Aug 2023,AREPAS DONA ALEJA*500g*20 QUESO BJA,8550,Mercamio
03 May 2024,AREPAS DONA RITA*450g*6 MEDIANOCHE,8900,Mercamio
21 Apr 2024,AREPAS DONA RITA*450g*6 MEDIANOCHE,8900,Mercamio
11 Mar 2024,AREPAS DONA RITA*450g*6 MEDIANOCHE,8900,Mercamio
14 Feb 2024,AREPAS DONA RITA*450g*6 MEDIANOCHE,7750,Mercamio
15 Jan 2024,AREPAS DONA RITA*450g*6 MEDIANOCHE,7750,Mercamio
05 Jan 2024,AREPAS DONA RITA*450g*6 MEDIANOCHE,7750,Mercamio
12 Dec 2023,AREPAS DONA RITA*450g*6 MEDIANOCHE,8550,Mercamio
15 Nov 2023,AREPAS DONA RITA*450g*6 MEDIANOCHE,8550,Mercamio
04 Nov 2023,AREPAS DONA RITA*450g*6 MEDIANOCHE,8550,Mercamio
20 Oct 2023,AREPAS DONA RITA*450g*6 MEDIANOCHE,7750,Mercamio
11 Sep 2023,AREPAS DONA RITA*450g*6 MEDIANOCHE,7750,Mercamio
27 Aug 2023,AREPAS DONA RITA*450g*6 MEDIANOCHE,7750,Mercamio
14 Aug 2023,AREPAS DONA RITA*600g*4 C/QUESO MOZARE,9700,Mercamio
31 Mar 2024,ARROZ DIANA*1000g PREMIUM,5600,Mercamio
31 Mar 2024,ARROZ DIANA*1000g PREMIUM,5600,Mercamio
31 Mar 2024,ARROZ DIANA*1000g PREMIUM,5600,Mercamio
03 Mar 2024,ARROZ DIANA*1000g PREMIUM,5800,Mercamio
03 Mar 2024,ARROZ DIANA*1000g PREMIUM,5800,Mercamio
03 Mar 2024,ARROZ DIANA*1000g PREMIUM,5800,Mercamio
12 Dec 2023,ARROZ DIANA*1000g PREMIUM,5550,Mercamio
25 Nov 2023,ARROZ DIANA*1000g PREMIUM,5550,Mercamio
15 Nov 2023,ARROZ DIANA*1000g PREMIUM,5550,Mercamio
15 Nov 2023,ARROZ DIANA*1000g PREMIUM,5550,Mercamio
15 Nov 2023,ARROZ DIANA*1000g PREMIUM,5550,Mercamio
01 Oct 2023,ARROZ DIANA*1000g PREMIUM,5550,Mercamio
01 Oct 2023,ARROZ DIANA*1000g PREMIUM,5550,Mercamio
01 Oct 2023,ARROZ DIANA*1000g PREMIUM,5550,Mercamio
03 May 2024,ARROZ DIANA*500g,2250,Mercamio
03 May 2024,ARROZ DIANA*500g,2250,Mercamio
03 May 2024,ARROZ DIANA*500g,2250,Mercamio
03 May 2024,ARROZ DIANA*500g,2250,Mercamio
11 Sep 2023,ARROZ DIANA*500g,2250,Mercamio
11 Sep 2023,ARROZ DIANA*500g,2250,Mercamio
11 Sep 2023,ARROZ DIANA*500g,2250,Mercamio
11 Sep 2023,ARROZ DIANA*500g,2250,Mercamio
14 Aug 2023,ARROZ DIANA*500g,2250,Mercamio
14 Aug 2023,ARROZ DIANA*500g,2250,Mercamio
14 Aug 2023,ARROZ DIANA*500g,2250,Mercamio
14 Aug 2023,ARROZ DIANA*500g,2250,Mercamio
14 Aug 2023,ARROZ DIANA*500g,2250,Mercamio
03 Mar 2024,ATUN SELETTI*160g LOMO AC/OLIVA,7400,Mercamio
03 Mar 2024,ATUN SELETTI*160g LOMO AC/OLIVA,7400,Mercamio
03 Mar 2024,ATUN SELETTI*160g LOMO AC/OLIVA,7400,Mercamio
12 Dec 2023,ATUN SELETTI*160g LOMO AC/OLIVA,7400,Mercamio
12 Dec 2023,ATUN SELETTI*160g LOMO AC/OLIVA,7400,Mercamio
12 Dec 2023,ATUN SELETTI*160g LOMO AC/OLIVA,7400,Mercamio
25 Nov 2023,ATUN SELETTI*160g LOMO AC/OLIVA,7400,Mercamio
25 Nov 2023,ATUN SELETTI*160g LOMO AC/OLIVA,7400,Mercamio
25 Nov 2023,ATUN SELETTI*160g LOMO AC/OLIVA,7400,Mercamio
15 Nov 2023,ATUN SELETTI*160g LOMO AC/OLIVA,6990,Mercamio
15 Nov 2023,ATUN SELETTI*160g LOMO AC/OLIVA,6990,Mercamio
15 Nov 2023,ATUN SELETTI*160g LOMO AC/OLIVA,6990,Mercamio
15 Nov 2023,ATUN SELETTI*160g LOMO AC/OLIVA,6990,Mercamio
27 Aug 2023,ATUN SELETTI*160g LOMO AC/OLIVA,6950,Mercamio
27 Aug 2023,ATUN SELETTI*160g LOMO AC/OLIVA,6950,Mercamio
27 Aug 2023,ATUN SELETTI*160g LOMO AC/OLIVA,6950,Mercamio
27 Aug 2023,ATUN SELETTI*160g LOMO AC/OLIVA,6950,Mercamio
25 Nov 2023,AVENA TONING*1000g HOJUELA,8350,Mercamio
03 May 2024,AZUCAR MANUELITA*1000g,4790,Mercamio
12 Dec 2023,AZUCAR MAYAGUEZ*1000g BLANCO,5100,Mercamio
25 Nov 2023,AZUCAR MAYAGUEZ*1000g BLANCO,5100,Mercamio
27 Mar 2024,Aceite GOURMET oli,26745,Jumbo
01 May 2024,Agua Clarity 1.5 Litros,2100,Alkosto
20 Mar 2024,Agua Cristal Eco Pack 1L,1800,Alkosto
09 Feb 2024,Agua Manantial 1500ml,4500,Alkosto
07 Apr 2024,Aguacate Und,6290,Exito
01 May 2024,Aguacate kg,16900,Alkosto
20 Mar 2024,Aguacate kg,15800,Alkosto
09 Feb 2024,Aguacate kg,13501,Alkosto
27 Oct 2023,Aguacate kg,8950,Alkosto
12 Apr 2024,Ajo Mac Molido 125g,5300,Alkosto
20 Mar 2024,Arandano 125g,7500,Alkosto
01 May 2024,Atun Alkosto Aceite 170g x3,17300,Alkosto
12 Apr 2024,Atun Alkosto Aceite 170g x3,17300,Alkosto
16 Dec 2023,BAGUETTE CUISINE&CO,4700,Jumbo
16 Dec 2023,BAGUETTE CUISINE&CO,4700,Jumbo
03 May 2024,BANANO COMUN/CRIOLLO*KILO,2580,Mercamio
21 Apr 2024,BANANO COMUN/CRIOLLO*KILO,2779,Mercamio
15 Apr 2024,BANANO COMUN/CRIOLLO*KILO,2779,Mercamio
10 Mar 2024,BANANO COMUN/CRIOLLO*KILO,2579,Mercamio
27 Feb 2024,BANANO COMUN/CRIOLLO*KILO,2400,Mercamio
14 Feb 2024,BANANO COMUN/CRIOLLO*KILO,2400,Mercamio
23 Jan 2024,BANANO COMUN/CRIOLLO*KILO,2579,Mercamio
05 Jan 2024,BANANO COMUN/CRIOLLO*KILO,2500,Mercamio
07 Nov 2023,BANANO COMUN/CRIOLLO*KILO,2500,Mercamio
20 Oct 2023,BANANO COMUN/CRIOLLO*KILO,2500,Mercamio
27 Sep 2023,BANANO COMUN/CRIOLLO*KILO,2400,Mercamio
14 Aug 2023,BANANO COMUN/CRIOLLO*KILO,2400,Mercamio
05 Jan 2024,BANO ALMIPRO*400ml LIQ AVENA/ALOE VERA,26500,Mercamio
01 Oct 2023,BANO ALMIPRO*400ml LIQ AVENA/ALOE VERA,26500,Mercamio
27 Sep 2023,BARQUILLOS PIAZZA*30g DELEITE CHOC/AVELL,2100,Mercamio
11 Sep 2023,BARQUILLOS PIAZZA*44g CHOCOLAT,3100,Mercamio
11 Sep 2023,BARQUILLOS PIAZZA*45g COOKIES&CREAM,3100,Mercamio
27 Aug 2023,BASE MAGGI*50g BECHAMEL SOB,3650,Mercamio
15 Nov 2023,BASE MAGGI*50g CARNE DESMECHADA,3950,Mercamio
27 Aug 2023,BEBIDA HIDRA GATORADE*500ml TROPICAL NVO,3400,Mercamio
04 Apr 2024,BEBIDA LAC BONYURT*1020g 6und STDO,21554,Mercamio
03 Mar 2024,BEBIDA LAC BONYURT*1020g 6und STDO,21375,Mercamio
15 Jan 2024,BEBIDA LAC BONYURT*170g*4 ZUCARITAS PACK,14650,Mercamio
05 Jan 2024,BEBIDA LAC BONYURT*174g BARQUILLO PIAZZA,3800,Mercamio
05 Jan 2024,BEBIDA LAC BONYURT*174g BARQUILLO PIAZZA,3800,Mercamio
14 Aug 2023,BEBIDA LAC YOGO YOGO*185ml*6und MEL/FRES,12200,Mercamio
11 Sep 2023,BEBIDA MILO*375g ACTIV GO DOY PACK,15800,Mercamio
04 Feb 2024,BLANQ CLOROX*1800ml+BLANQ*460ml ORIGINAL,4500,Mercamio
14 Aug 2023,BLANQ CLOROX*1800ml+BLANQ*460ml ORIGINAL,4550,Mercamio
01 Oct 2023,BOLSA BASURA*10und*65*90cm NEGRA RESIDEN,1850,Mercamio
01 Oct 2023,BOLSA BASURA*10und*65*90cm NEGRA RESIDEN,1850,Mercamio
14 Aug 2023,BOLSA BASURA*10und*65*90cm NEGRA RESIDEN,2250,Mercamio
14 Aug 2023,BOLSA BASURA*10und*65*90cm NEGRA RESIDEN,2250,Mercamio
01 Oct 2023,BOLSA BASURA*30und*43*48cm VERDE PAPELER,2450,Mercamio
25 Mar 2024,BOLSA BIO*10und 65*90 NEGRA RESIDENCIAL,2650,Mercamio
25 Mar 2024,BOLSA BIO*10und 65*90 NEGRA RESIDENCIAL,2650,Mercamio
25 Mar 2024,BOLSA BIO*10und 65*90 NEGRA RESIDENCIAL,2650,Mercamio
25 Mar 2024,BOLSA BIO*10und 65*90 NEGRA RESIDENCIAL,2650,Mercamio
04 Feb 2024,BOLSA BIO*10und 65*90 NEGRA RESIDENCIAL,2650,Mercamio
04 Feb 2024,BOLSA BIO*10und 65*90 NEGRA RESIDENCIAL,2650,Mercamio
04 Feb 2024,BOLSA BIO*10und 65*90 NEGRA RESIDENCIAL,2650,Mercamio
26 Dec 2023,BOLSA BIO*10und 65*90 NEGRA RESIDENCIAL,2650,Mercamio
26 Dec 2023,BOLSA BIO*10und 65*90 NEGRA RESIDENCIAL,2650,Mercamio
04 Nov 2023,BOLSA BIO*10und 65*90 NEGRA RESIDENCIAL,2650,Mercamio
04 Nov 2023,BOLSA BIO*10und 65*90 NEGRA RESIDENCIAL,2650,Mercamio
27 Aug 2023,BOLSA BIO*10und 65*90 NEGRA RESIDENCIAL,2650,Mercamio
26 Dec 2023,BOLSA BIO*10und 65*90 VERDE ORDINARIOS,2950,Mercamio
25 Mar 2024,BOLSA BIO*30und 43*48 NEGRA PAPELERA,2800,Mercamio
04 Feb 2024,BOLSA BIO*30und 43*48 NEGRA PAPELERA,2800,Mercamio
26 Dec 2023,BOLSA BIO*30und 43*48 NEGRA PAPELERA,2800,Mercamio
26 Dec 2023,BOLSA BIO*30und 43*48 NEGRA PAPELERA,2800,Mercamio
26 Dec 2023,BOLSA BIO*30und 43*48 NEGRA PAPELERA,2800,Mercamio
15 Nov 2023,BOLSA BIO*30und 43*48 NEGRA PAPELERA,2800,Mercamio
01 Oct 2023,BOLSA BIO*30und 43*48 NEGRA PAPELERA,2800,Mercamio
07 Oct 2023,BOLSA PLASTICA MERCAMIO REUTILIZABLE*und,140,Mercamio
18 Feb 2024,BOLSA PLáSTICA,155,Dollarcity
18 Feb 2024,BOLSO ORGANIZADOR,18554,Dollarcity
27 Nov 2023,BUNUELOS MAIZENA*300g,8567,Mercamio
07 Apr 2024,Banano,3930,Exito
20 Mar 2024,Banano Criollo kg,4500,Alkosto
01 May 2024,Base Maggi Pasta Bechamel 50g,3936,Alkosto
27 Oct 2023,Beb Hidr Gatorade Mandarina 1L,7100,Alkosto
27 Oct 2023,Blanqueador Alkosto 3.8L,6500,Alkosto
01 May 2024,Bls Hermet Alk 28x27cm 20und,7900,Alkosto
27 Oct 2023,Bls Hermet Alk 28x27cm 20und,7900,Alkosto
05 Jan 2024,C/CERDO CHORIZO MINI*UND,2087,Mercamio
05 Jan 2024,C/CERDO CHORIZO MINI*UND,2087,Mercamio
27 Nov 2023,C/CERDO CHORIZO MINI*UND,3236,Mercamio
27 Nov 2023,C/CERDO CHORIZO MINI*UND,3236,Mercamio
11 Sep 2023,C/CERDO CHORIZO MINI*UND,1971,Mercamio
11 Sep 2023,C/CERDO CHORIZO MINI*UND,1971,Mercamio
11 Sep 2023,C/CERDO CHORIZO MINI*UND,1971,Mercamio
11 Mar 2024,C/CERDO CHULETON*KILO IMPORTADO,13980,Mercamio
11 Mar 2024,C/CERDO CHULETON*KILO IMPORTADO,13980,Mercamio
04 Apr 2024,C/CERDO COSTILLA*KILO MERCAMIO AHUMADA,23015,Mercamio
27 Feb 2024,C/CERDO COSTILLA*KILO MERCAMIO AHUMADA,22203,Mercamio
05 Jan 2024,C/CERDO COSTILLA*KILO MERCAMIO AHUMADA,22738,Mercamio
20 Oct 2023,C/CERDO COSTILLA*KILO MERCAMIO AHUMADA,21515,Mercamio
01 Oct 2023,C/CERDO COSTILLA*KILO MERCAMIO AHUMADA,21256,Mercamio
11 Sep 2023,C/CERDO COSTILLA*KILO MERCAMIO AHUMADA,21759,Mercamio
02 Jan 2024,C/CERDO ESPINAZO*KILO,11000,Mercamio
04 Apr 2024,C/CERDO LOMO*KILO,18779,Mercamio
05 Jan 2024,C/CERDO LOMO*KILO,24780,Mercamio
27 Nov 2023,C/CERDO LOMO*KILO,24400,Mercamio
20 Oct 2023,C/CERDO LOMO*KILO,24400,Mercamio
01 Oct 2023,C/CERDO LOMO*KILO,24400,Mercamio
27 Feb 2024,C/CERDO PERNIL*KILO,21480,Mercamio
11 Mar 2024,C/CERDO PERNIL*KILO ESPECIAL,25600,Mercamio
14 Aug 2023,C/CERDO PERNIL*KILO ESPECIAL,25000,Mercamio
05 Jan 2024,C/CERDO TOCINO CON CARNE MAGRA*KILO,24979,Mercamio
11 Mar 2024,C/RES BOFFE AHUMADO*KILO,24527,Mercamio
27 Nov 2023,C/RES BOFFE AHUMADO*KILO,21023,Mercamio
04 Apr 2024,C/RES CADERITA ESPEC*KILO,29979,Mercamio
11 Mar 2024,C/RES CADERITA ESPEC*KILO,29979,Mercamio
27 Feb 2024,C/RES CADERITA ESPEC*KILO,29979,Mercamio
05 Jan 2024,C/RES CADERITA ESPEC*KILO,29980,Mercamio
27 Nov 2023,C/RES CADERITA ESPEC*KILO,23379,Mercamio
20 Oct 2023,C/RES CADERITA ESPEC*KILO,30200,Mercamio
11 Sep 2023,C/RES CADERITA ESPEC*KILO,30200,Mercamio
27 Aug 2023,C/RES CADERITA ESPEC*KILO,25979,Mercamio
14 Aug 2023,C/RES CADERITA ESPEC*KILO,30200,Mercamio
01 Oct 2023,C/RES HUESO COGOTE*KILO,15900,Mercamio
01 Oct 2023,C/RES LOMO REDONDO NORMAL*KILO,31979,Mercamio
27 Aug 2023,C/RES MOLIDA ESPEC*KILO,25200,Mercamio
02 Jan 2024,C/RES MOLIDA NORMAL*KILO,14199,Mercamio
11 Sep 2023,C/RES MOLIDA NORMAL*KILO,13800,Mercamio
04 Apr 2024,C/RES SOBREBARRIGA ESPEC*KILO,31979,Mercamio
25 Nov 2023,CAFE AGUILA ROJA*125g,4050,Mercamio
25 Nov 2023,CAFE AGUILA ROJA*400g,11050,Mercamio
15 Nov 2023,CAFE AGUILA ROJA*400g,11990,Mercamio
14 Aug 2023,CAFE AGUILA ROJA*400g,13700,Mercamio
27 Sep 2023,CAFE JUAN VALDEZ*50g LIOFILIZADO,13950,Mercamio
26 Dec 2023,CAFE TOSTAO*454g SELECTO,12990,Mercamio
26 Dec 2023,CAFE TOSTAO*454g SELECTO,12990,Mercamio
15 Nov 2023,CAFE TOSTAO*454g SELECTO,14990,Mercamio
02 May 2024,CAJA INCIENSO X 25 UND MANDARI,6957,Dollarcity
02 May 2024,CAJA INCIENSO X 25 UND VAINILL,6957,Dollarcity
04 Apr 2024,CAMARON SELETTI*350g D/PISCINA PRECOCIDO,17800,Mercamio
11 Mar 2024,CAMARON SR WOK*250g DINAMITA,20990,Mercamio
23 Jan 2024,CAMARON SR WOK*250g DINAMITA,20990,Mercamio
27 Nov 2023,CAMARON SR WOK*250g DINAMITA,20990,Mercamio
10 Apr 2024,CANASTA PLASTICA RECT C/ACABAD,16235,Dollarcity
21 Apr 2024,CANASTA PLASTICA RECT SIMULACI,13109,Dollarcity
01 Oct 2023,CANELA SELETTI*28g MOLIDA,1950,Mercamio
27 Aug 2023,CARNE RANCHERA*600g CERDO S/CAMP PORCION,24200,Mercamio
14 Aug 2023,CEBOLLA CABEZONA*KILO BLANCA SIN PELAR,4400,Mercamio
01 Oct 2023,CEP DENT COLGATE 360*2und SUAVE P.E,19200,Mercamio
04 Feb 2024,CEP DENT ORAL-B COMPLETE*3und P2LL3/SUAV,14950,Mercamio
04 Nov 2023,CEP DENT ORAL-B KIDS SUAVE 3 ANOS,4800,Mercamio
20 Oct 2023,CEREAL KELLOGGS*350g CON/FLAKES,14800,Mercamio
15 Nov 2023,CEREAL NESTLE*720g CHOCAPIC CAJA,23600,Mercamio
11 Sep 2023,CERVEZA CORONITA*210*6und BOTELLA,16700,Mercamio
27 Feb 2024,CHAMPINON ZENU*460g TAJADO,11850,Mercamio
12 Dec 2023,CHOCLO/MAZORCA DULCE*KILO,4600,Mercamio
21 Apr 2024,CHOCOBREAK BOMBON COOKIES CREA,9277,Dollarcity
23 Jan 2024,CHOCOLA CORONA*500g TRADICIONAL ZEBRA,10990,Mercamio
23 Jan 2024,CHOCOLA CORONA*500g TRADICIONAL ZEBRA,10990,Mercamio
23 Jan 2024,CHOCOLA CORONA*500g TRADICIONAL ZEBRA,10990,Mercamio
25 Nov 2023,CHOCOLA CORONA*500g TRADICIONAL ZEBRA,10300,Mercamio
27 Aug 2023,CHOCOLA CORONA*500gDULCE ZEBRA,8800,Mercamio
27 Aug 2023,CHOCOLA CORONA*500gDULCE ZEBRA,8800,Mercamio
15 Jan 2024,CHOCOLATI CHOCOBREAK*250g*50und,10500,Mercamio
11 Sep 2023,CHOCOLATI CHOCOBREAK*250g*50und,9300,Mercamio
21 Apr 2024,CHOCOLATI KINDER JOY*20g SORPRESA NINA,6800,Mercamio
11 Sep 2023,CHOCOLATI ROCHER*100g*8 CHAMPANA,15850,Mercamio
27 Nov 2023,CHULETA EL DORADO*450g*10und PESCADO,7500,Mercamio
14 Aug 2023,CHULETA EL DORADO*450g*10und PESCADO,6900,Mercamio
21 Apr 2024,CILANTRO*UND PAQUETE,800,Mercamio
03 Mar 2024,COLONIA ARRURU*220ml ORIGINAL,27800,Mercamio
15 Nov 2023,CONC CRISTAL BALDE 10LTR CON PICO,12640,Mercamio
15 Apr 2024,CONC CRISTAL CAJA FORTE #1 MEDIA KENDY,9300,Mercamio
15 Apr 2024,CONC CRISTAL CAJA KENDY FRESCH CUADRADA,8900,Mercamio
14 Aug 2023,COSTILLA BERNA*500g CERDO,16990,Mercamio
01 Oct 2023,CREMA ANTIP ALMIPRO*60g UNGUENTO,15990,Mercamio
15 Nov 2023,CREMA LECHE ALQUERIA*180g,4700,Mercamio
15 Nov 2023,CREMA LECHE ALQUERIA*180g,4700,Mercamio
04 Feb 2024,CREMA LECHE ALQUERIA*210g GTS 30g,4800,Mercamio
04 Feb 2024,CREMA LECHE ALQUERIA*210g GTS 30g,4800,Mercamio
12 Dec 2023,CREMA LECHE ALQUERIA*210g GTS 30g,4700,Mercamio
12 Dec 2023,CREMA LECHE ALQUERIA*210g GTS 30g,4700,Mercamio
14 Feb 2024,CREMA MANI MANITOBA*200g S/AZUCAR,13800,Mercamio
11 Mar 2024,CREMA SOPERA*41.5g AJIACO*3PORC,1600,Mercamio
12 Dec 2023,CREMA SOPERA*41.5g AJIACO*3PORC,1600,Mercamio
11 Sep 2023,CREMA SOPERA*41.5g AJIACO*3PORC,1600,Mercamio
11 Mar 2024,CREMA SOPERA*45.5g MAZ/TIERNA*3POR,1600,Mercamio
12 Dec 2023,CREMA SOPERA*45.5g MAZ/TIERNA*3POR,1600,Mercamio
11 Sep 2023,CREMA SOPERA*45.5g MAZ/TIERNA*3POR,1600,Mercamio
11 Sep 2023,CREMA SOPERA*45g CHAMPINONES*3POR,1600,Mercamio
11 Mar 2024,CREMA SOPERA*45g POLLO*3PORC,1600,Mercamio
11 Sep 2023,CREMA SOPERA*45g POLLO*3PORC,1600,Mercamio
03 May 2024,CREMA WHISKY BAILEYS*700ml,41815,Mercamio
03 May 2024,CROUTONS SUSANITA*140g CAESAR LIGHT,7950,Mercamio
03 May 2024,CROUTONS SUSANITA*140g CAESAR LIGHT,7950,Mercamio
15 Apr 2024,CROUTONS SUSANITA*140g CAESAR LIGHT,7950,Mercamio
15 Apr 2024,CROUTONS SUSANITA*140g CAESAR LIGHT,7950,Mercamio
03 Mar 2024,CROUTONS SUSANITA*140g CAESAR LIGHT,7950,Mercamio
03 Mar 2024,CROUTONS SUSANITA*140g CAESAR LIGHT,7950,Mercamio
04 Feb 2024,CROUTONS SUSANITA*140g CAESAR LIGHT,7950,Mercamio
04 Feb 2024,CROUTONS SUSANITA*140g CAESAR LIGHT,7950,Mercamio
04 Feb 2024,CROUTONS SUSANITA*140g CAESAR LIGHT,7950,Mercamio
02 Jan 2024,CROUTONS SUSANITA*140g CAESAR LIGHT,7950,Mercamio
27 Nov 2023,CROUTONS SUSANITA*140g CAESAR LIGHT,7950,Mercamio
27 Nov 2023,CROUTONS SUSANITA*140g CAESAR LIGHT,7950,Mercamio
11 Sep 2023,CROUTONS SUSANITA*140g CAESAR LIGHT,7950,Mercamio
11 Sep 2023,CROUTONS SUSANITA*140g CAESAR LIGHT,7950,Mercamio
07 Nov 2023,CROUTONS SUSANITA*140g HIERBAS LIGHT,7950,Mercamio
07 Nov 2023,CROUTONS SUSANITA*140g HIERBAS LIGHT,7950,Mercamio
01 May 2024,Cadera de Res kg,34900,Alkosto
01 May 2024,Cafe Aguila Roja Molido x 500g,16819,Alkosto
20 Mar 2024,Cafe Hatsu Mol Origen 340g,28900,Alkosto
12 Apr 2024,Cafe Mol Matiz Marfil 340g,21900,Alkosto
23 Feb 2024,Cafe Sello Rojo 500g,17900,Alkosto
20 Mar 2024,Cep Dent Colg Minion 2-5 x2,25900,Alkosto
20 Mar 2024,Cep Dent OralB Complet Suav x3,16900,Alkosto
23 Feb 2024,Cereal ChocoKrispi Kello 1500g,47509,Alkosto
07 Apr 2024,Cerv x 6 Heineken,18000,Exito
01 May 2024,Cervez Budweiser Lat 269ml x6u,13092,Alkosto
01 May 2024,Choc Coron Trad 500g x3 Resell,29900,Alkosto
12 Apr 2024,Choc Coron Trad 500g x3 Resell,31900,Alkosto
20 Mar 2024,Choc Coron Trad 500g x3 Resell,29900,Alkosto
23 Feb 2024,Choc Coron Trad 500g x3 Resell,29900,Alkosto
04 Jan 2024,Choc Coron Trad 500g x3 Resell,25900,Alkosto
30 Nov 2023,Choc Coron Trad 500g x3 Resell,24900,Alkosto
27 Oct 2023,Choc Coron Trad 500g x3 Resell,24900,Alkosto
27 Mar 2024,Chocolate JET rell,2350,Jumbo
01 May 2024,Chocorramo Ramo x5u 325g,11300,Alkosto
04 Jan 2024,Chorizo Rica x1000g,29550,Alkosto
27 Mar 2024,Chorizo santarrosa,24599,Jumbo
20 Mar 2024,Cmb Jarro12Cm+Perol10Cm Tal,79477,Alkosto
01 May 2024,Costilla Berna Ahumada 450g,25950,Alkosto
27 Oct 2023,Cr Den Colg Tot Ant/Sar 75mlx3,31324,Alkosto
30 Nov 2023,Cr Peinar Muss Kids Manz 300ml,13900,Alkosto
01 May 2024,Crema LaSopera Std x3u 257g PE,6900,Alkosto
04 Nov 2023,DEDO K-LISTO*360g*12 COCTEL,10950,Mercamio
01 Oct 2023,DEDO K-LISTO*650g*10 QUESO,13950,Mercamio
01 Oct 2023,DESINF PATO PASTILLA*30g ADHES/CITRICO,7750,Mercamio
03 May 2024,DESINF PATO PASTILLA*30g ADHES/LAVANDA,8750,Mercamio
27 Aug 2023,DESINF PATO PASTILLA*30g ADHES/LAVANDA,7750,Mercamio
11 Sep 2023,DESMANCH VANISH*1800ml+800ml BLC DOYPACK,22900,Mercamio
11 Sep 2023,DET MERCAMIO*2000ml LIQ PROTECCION COLOR,9450,Mercamio
21 Apr 2024,DETERGENTE LIQUIDO,37950,Exito
21 Apr 2024,DURAZNO COMUN*KILO,14400,Mercamio
12 Apr 2024,Dedit Queso Finesse 30g x6u,14900,Alkosto
12 Apr 2024,Dedo Queso K-Listo x10 650g,22900,Alkosto
20 Mar 2024,Des Pies Mexsana Avena 260mlx2,34753,Alkosto
04 Jan 2024,Des Pies Mexsana Lady 260mlx2,33900,Alkosto
04 Jan 2024,Des Roll LSS Floral 50ml x2,21025,Alkosto
20 Mar 2024,Des Roll Nivea Men B&W 50ml x2,27715,Alkosto
20 Mar 2024,Det Alkosto Liquido Floral 4L,17500,Alkosto
27 Oct 2023,Det Alkosto Liquido Floral 4L,17500,Alkosto
09 Feb 2024,Det Liq Woolite Baby 2L,35400,Alkosto
04 Jan 2024,Detergen Liq Alk Ecologico 4L,23900,Alkosto
27 Oct 2023,Dogourmet Adul Carne/Parr 4Kg,45900,Alkosto
30 Nov 2023,Domino Lata Mickey Ronda,51900,Alkosto
27 Oct 2023,Dulc Mast Halloween 380g,8900,Alkosto
23 Jan 2024,EMPANADA P/VIEJO*500g*30und COCTEL,16550,Mercamio
01 Oct 2023,EMPANADA P/VIEJO*500g*30und COCTEL,9990,Mercamio
27 Nov 2023,EMPANADA P/VIEJO*600g*10und CASERA,10800,Mercamio
11 Sep 2023,ENJUAG PLAX*500ml SOFT MINT,17950,Mercamio
31 Mar 2024,ESPARCIBLE CANOLA LIFE*454g,13800,Mercamio
23 Jan 2024,ESPARCIBLE CANOLA LIFE*454g,13800,Mercamio
27 Sep 2023,ESPARCIBLE CANOLA LIFE*454g,10351,Mercamio
14 Aug 2023,ESPARCIBLE CANOLA LIFE*454g,13800,Mercamio
04 Nov 2023,ESPARCIBLE NATURA*125G BARRA,2200,Mercamio
15 Nov 2023,ESPARCIBLE PREMIER*125g BARRA,2450,Mercamio
27 Sep 2023,ESPINACA BIOHUERTO*250g TIERNA ORGANICA,6900,Mercamio
27 Aug 2023,ESPINACA BIOHUERTO*250g TIERNA ORGANICA,6900,Mercamio
07 Apr 2024,ESPINACA TIERNA OR,10040,Exito
27 Nov 2023,ESPINACA*KILO,5600,Mercamio
04 Nov 2023,ESPINACA*KILO,5594,Mercamio
20 Oct 2023,ESPONJA BONBRIL*3und DOBLE USO JUNIOR,2800,Mercamio
27 Aug 2023,ESPONJA BONBRIL*3und DOBLE USO JUNIOR,2800,Mercamio
26 Dec 2023,ESPONJA SCOTCH BRITE*und CLASICA VER/AMA,1400,Mercamio
26 Dec 2023,ESPONJA SCOTCH BRITE*und CLASICA VER/AMA,1400,Mercamio
03 May 2024,ESPUMA PRESTOBARBA*150g SENS/AFEITAR,14990,Mercamio
27 Feb 2024,ESPUMA PRESTOBARBA*150g SENS/AFEITAR,14990,Mercamio
04 Nov 2023,ESPUMA PRESTOBARBA*150g SENS/AFEITAR,14990,Mercamio
01 Oct 2023,ESPUMA PRESTOBARBA*150g SENS/AFEITAR,14990,Mercamio
14 Feb 2024,ESTROPAJO ESTROCAUCA GUANTE,5100,Mercamio
12 Dec 2023,ESTROPAJO ESTROCAUCA GUANTE,4700,Mercamio
01 Oct 2023,ESTROPAJO ESTROCAUCA GUANTE,4700,Mercamio
01 Oct 2023,ESTROPAJO ESTROCAUCA GUANTE,4700,Mercamio
01 May 2024,Empanada PuebloViejo x10un600g,17900,Alkosto
01 May 2024,Espinaca kg,7900,Alkosto
12 Apr 2024,Esponja Scotch Salva Unas P2L3,6900,Alkosto
27 Oct 2023,Esponja Scotch Salva Unas P2L3,6900,Alkosto
02 May 2024,FIGURAS DE GOMA ESPUMA,5798,Dollarcity
21 Apr 2024,FILETE DE PECHUGA PORCION*KILO,24599,Mercamio
31 Mar 2024,FILETE DE PECHUGA PORCION*KILO,24600,Mercamio
10 Mar 2024,FILETE DE PECHUGA PORCION*KILO,24599,Mercamio
04 Feb 2024,FILETE PECHUGA DELICHICKS*6und PORCIONAD,16950,Mercamio
04 Feb 2024,FILETE PECHUGA DELICHICKS*6und PORCIONAD,16950,Mercamio
23 Jan 2024,FILETE PECHUGA DELICHICKS*6und PORCIONAD,16950,Mercamio
14 Aug 2023,FILETE PECHUGA DELICHICKS*6und PORCIONAD,12690,Mercamio
14 Aug 2023,FILETE PECHUGA DELICHICKS*6und PORCIONAD,12690,Mercamio
10 Apr 2024,FLOTADOR DE PISICINA DE ESPONJ,11596,Dollarcity
15 Apr 2024,FRESA BANDEJA EXTRA*500g,7800,Mercamio
05 Jan 2024,FRESA BANDEJA EXTRA*500g,7500,Mercamio
12 Dec 2023,FRESA BANDEJA EXTRA*500g,6750,Mercamio
07 Nov 2023,FRESA BANDEJA EXTRA*500g,6750,Mercamio
20 Oct 2023,FRESA BANDEJA EXTRA*500g,6750,Mercamio
31 Mar 2024,FRESA BANDEJA OFERTA*500g,6200,Mercamio
10 Mar 2024,FRESA BANDEJA OFERTA*500g,6200,Mercamio
27 Feb 2024,FRESA BANDEJA OFERTA*500g,6200,Mercamio
14 Feb 2024,FRESA BANDEJA OFERTA*500g,6200,Mercamio
23 Jan 2024,FRESA BANDEJA OFERTA*500g,5850,Mercamio
15 Jan 2024,FRESA BANDEJA OFERTA*500g,5850,Mercamio
27 Sep 2023,FRESA BANDEJA OFERTA*500g,5300,Mercamio
11 Sep 2023,FRESCAVENA QUAKER*180g FRESA DP,5650,Mercamio
25 Nov 2023,FRIJOL FLORESTA CARGAMANTO ROJ0*500g,6990,Mercamio
25 Nov 2023,FRIJOL FLORESTA CARGAMANTO ROJ0*500g,6990,Mercamio
27 Nov 2023,FRIJOLES ZENU*220g DEL RANCHO,7300,Mercamio
31 Mar 2024,FRIJOLES ZENU*310g ANTIOQUENOS,8550,Mercamio
03 Mar 2024,FRIJOLES ZENU*310g ANTIOQUENOS,8550,Mercamio
12 Dec 2023,FRIJOLES ZENU*310g ANTIOQUENOS,7950,Mercamio
07 Apr 2024,Fresa Extra,7790,Exito
01 May 2024,Frijol Antioque Zenu 310g x2u,15900,Alkosto
25 Nov 2023,GALLETA DUCALES*430g*4 TACOS,7990,Mercamio
11 Sep 2023,GALLETA DUCALES*430g*4 TACOS,8750,Mercamio
27 Nov 2023,GALLETA NOEL*200g NAVIDAD BOLSA,5100,Mercamio
25 Nov 2023,GALLETA SALTIN*524g 6 TACOS,6990,Mercamio
11 Sep 2023,GASEOSA POSTOBON*3125ml PEPSI NVO,6200,Mercamio
25 Nov 2023,GELAT FRUTINO*35g*3und FRE-CER-FRU,2900,Mercamio
25 Nov 2023,GELAT FRUTINO*35g*3und LIM-FRE-FRU,2900,Mercamio
25 Nov 2023,GELAT FRUTINO*35g*3und MAN-FRE-FRU,2900,Mercamio
15 Nov 2023,GELAT FRUTINO*35g*4und SURTIDO,6100,Mercamio
14 Aug 2023,GELAT GELHADA*30g S/SABOR,3200,Mercamio
27 Jan 2024,GRAN PROTECTOR ANT,39989,Jumbo
20 Mar 2024,Gala Ramo Surtido x5u 300g,10321,Alkosto
27 Mar 2024,Gaseosa COCA COLA,6099,Jumbo
16 Dec 2023,Gaseosa COCA COLA,16799,Jumbo
16 Dec 2023,Gaseosa Manzana PO,7499,Jumbo
22 Apr 2024,Gelatina Frutino Std 35g x6u,8544,Alkosto
11 Mar 2024,HARINA APANAR BIMBO*500g CLASICA,8350,Mercamio
25 Nov 2023,HARINA DONAREPA*1000g PERLADA BLANCA,4850,Mercamio
01 Oct 2023,HARINA TRIGO HAZ DE OROS*1000g,5600,Mercamio
15 Apr 2024,HARINA TRIGO HAZ DE OROS*500g,2100,Mercamio
20 Oct 2023,HUEVO CODORNIZ MERCAMIO*24und,5590,Mercamio
01 Oct 2023,HUEVO CODORNIZ MERCAMIO*24und,5750,Mercamio
21 Apr 2024,HUEVO CREMA AVELLANA JACKIE PR,5798,Dollarcity
07 Oct 2023,HUEVO MERCAMIO ROSADO A*30und,17500,Mercamio
12 Dec 2023,HUEVO MERCAMIO ROSADO A*30und SUELTO,15600,Mercamio
25 Mar 2024,HUEVO MERCAMIO ROSADO AA*30und,13990,Mercamio
03 Mar 2024,HUEVO MERCAMIO ROSADO AA*30und,14900,Mercamio
03 Mar 2024,HUEVO MERCAMIO ROSADO AA*30und,14900,Mercamio
04 Feb 2024,HUEVO MERCAMIO ROSADO AA*30und,14200,Mercamio
04 Feb 2024,HUEVO MERCAMIO ROSADO AA*30und,14200,Mercamio
23 Jan 2024,HUEVO MERCAMIO ROSADO AA*30und,13300,Mercamio
15 Jan 2024,HUEVO MERCAMIO ROSADO AA*30und,14500,Mercamio
15 Jan 2024,HUEVO MERCAMIO ROSADO AA*30und,14500,Mercamio
20 Oct 2023,HUEVO MERCAMIO ROSADO AA*30und,17950,Mercamio
01 Oct 2023,HUEVO MERCAMIO ROSADO AA*30und,18500,Mercamio
11 Sep 2023,HUEVO MERCAMIO ROSADO AA*30und,17940,Mercamio
27 Aug 2023,HUEVO MERCAMIO ROSADO AA*30und,17100,Mercamio
14 Aug 2023,HUEVO MERCAMIO ROSADO AA*30und,16850,Mercamio
04 Apr 2024,HUEVO MERCAMIO ROSADO AA*30und SUELTO,13790,Mercamio
26 Dec 2023,HUEVO MERCAMIO ROSADO AA*30und SUELTO,16990,Mercamio
15 Nov 2023,HUEVO MERCAMIO ROSADO AA*30und SUELTO,16990,Mercamio
15 Nov 2023,HUEVO MERCAMIO ROSADO AA*30und SUELTO,16990,Mercamio
21 Apr 2024,HUEVO MERCAMIO ROSADO AAA*30und,16950,Mercamio
05 Jan 2024,HUEVO NAPOLES ROJO AA*30und VITAFIL,22850,Mercamio
01 May 2024,Harina Soya Platano Toning 1K,16500,Alkosto
01 May 2024,Huevo  Alkosto  Rojo AA 60U,33900,Alkosto
12 Apr 2024,Huevo  Alkosto  Rojo AA 60U,33900,Alkosto
20 Mar 2024,Huevo  Alkosto  Rojo AA 60U,33900,Alkosto
09 Feb 2024,Huevo  Alkosto  Rojo AA 60U,33900,Alkosto
27 Oct 2023,Huevo  Alkosto  Rojo AA 60U,33900,Alkosto
10 Apr 2024,IMANES MULTIUSOS - COLORES SUR,5798,Dollarcity
27 Feb 2024,IMPOCON BOLSA,66,Mercamio
27 Nov 2023,IMPOCON BOLSA,120,Mercamio
04 Apr 2024,INSECT EXTERMIN*400ml*2und VOLAD GTS INS,27500,Mercamio
26 Dec 2023,INSTACREM*144g*36und DISP,6990,Mercamio
18 Feb 2024,Impuesto Bolsa Plástica,132,Dollarcity
05 Jan 2024,JAB DOVE*90g*3und BLANCO,15800,Mercamio
12 Dec 2023,JAB INTIMO INTIBON*120g SALVIA/CALENDULA,10700,Mercamio
27 Nov 2023,JAB MERCAMIO*2000ml ANTIB/AVENA,8900,Mercamio
11 Mar 2024,JAB MERCAMIO*3800ml ANTIB/AVENA,14850,Mercamio
27 Aug 2023,JAB MERCAMIO*500ml ANTIB/AVENA,3900,Mercamio
27 Aug 2023,JAB MERCAMIO*500ml ANTIB/AVENA,3900,Mercamio
03 Mar 2024,JAB PROTEX*110g*3und MACADAMIA,11200,Mercamio
03 Mar 2024,JAB PROTEX*110g*3und MACADAMIA,11200,Mercamio
20 Oct 2023,JAB VEL ROSITA*180g BARRA,3200,Mercamio
21 Apr 2024,JAMON RICA*400g IDEAL,13350,Mercamio
31 Mar 2024,JAMON RICA*400g IDEAL,13350,Mercamio
10 Mar 2024,JAMON RICA*400g IDEAL,13350,Mercamio
04 Feb 2024,JAMON RICA*400g IDEAL,13350,Mercamio
15 Jan 2024,JAMON RICA*400g IDEAL,12950,Mercamio
26 Dec 2023,JAMON RICA*400g IDEAL,12500,Mercamio
12 Dec 2023,JAMON RICA*400g IDEAL,12500,Mercamio
04 Nov 2023,JAMON RICA*400g IDEAL,12500,Mercamio
01 Oct 2023,JAMON RICA*400g IDEAL,7990,Mercamio
27 Aug 2023,JAMON RICA*400g IDEAL,10950,Mercamio
14 Aug 2023,JAMON RICA*400g IDEAL,10950,Mercamio
21 Apr 2024,JARRA DE PLASTICO PARA LECHE,5798,Dollarcity
18 Feb 2024,JUEGO DE MESA LANZA BOLAS,18554,Dollarcity
15 Jan 2024,JUGO DEL VALLE*188ml*6und P5LL6 STDO,6250,Mercamio
18 Feb 2024,JUGUETE LANZA BURBUJAS,23747,Dollarcity
01 May 2024,Jab Toc Protex Macad 110g x6u,22900,Alkosto
20 Mar 2024,Jab Vel Rosita 180g x 3 Un,9200,Alkosto
01 May 2024,Jamon Ideal Rica 400g,10900,Alkosto
23 Feb 2024,Jamon Ideal Rica 400g,11500,Alkosto
18 Feb 2024,KIT CREMA/JABON LUXURY SPA NAT,11596,Dollarcity
18 Feb 2024,KIT D/LANZADOR Y CAMPO D/TIRO ,23747,Dollarcity
18 Feb 2024,KIT DE HERRAMIENTAS MEDICAS DE,18554,Dollarcity
05 Jan 2024,KUMIS ALPINA*200g VASO,3300,Mercamio
12 Dec 2023,KUMIS COLACTEOS*210g,3300,Mercamio
14 Aug 2023,KUMIS COLACTEOS*210g,2800,Mercamio
14 Aug 2023,KUMIS COLANTA*200g VASO,2900,Mercamio
23 Feb 2024,L Alqueria Ent Crem LV 1.3L x6,42000,Alkosto
09 Feb 2024,L Colanta Entera LV Bls 1L x6u,26700,Alkosto
18 Feb 2024,LAPICEROS PARA PINATA 8U,11596,Dollarcity
11 Sep 2023,LAVALOZA MERCAMIO*2000ml LIMON/LIQUI,9400,Mercamio
31 Mar 2024,LECHE ALPINA*1300ml*6und ENTERA BOLSA,31250,Mercamio
31 Mar 2024,LECHE ALPINA*1300ml*6und ENTERA BOLSA,31250,Mercamio
03 Mar 2024,LECHE ALPINA*1300ml*6und ENTERA BOLSA,31250,Mercamio
03 Mar 2024,LECHE ALPINA*1300ml*6und ENTERA BOLSA,31250,Mercamio
15 Jan 2024,LECHE ALQUERIA*1000ml*6und S/CREMOS ENTE,32500,Mercamio
15 Jan 2024,LECHE ALQUERIA*1000ml*6und S/CREMOS ENTE,32500,Mercamio
25 Nov 2023,LECHE COLANTA*900g ENTERA POLVO,32600,Mercamio
21 Apr 2024,LECHE CONDENSA LECHERA*504g GTS 20%CONTE,11990,Mercamio
12 Dec 2023,LECHE CONDENSA LECHERA*600g DP,15400,Mercamio
25 Nov 2023,LECHE CONDENSA LECHERA*90g DP,2990,Mercamio
21 Apr 2024,LECHUGA CRES*UND ORGANICA BOLSA,2750,Mercamio
15 Apr 2024,LECHUGA CRES*UND ORGANICA BOLSA,2440,Mercamio
31 Mar 2024,LECHUGA CRES*UND ORGANICA BOLSA,2440,Mercamio
10 Mar 2024,LECHUGA CRES*UND ORGANICA BOLSA,2440,Mercamio
03 Mar 2024,LECHUGA CRES*UND ORGANICA BOLSA,2200,Mercamio
04 Feb 2024,LECHUGA CRES*UND ORGANICA BOLSA,2200,Mercamio
23 Jan 2024,LECHUGA CRES*UND ORGANICA BOLSA,2200,Mercamio
15 Jan 2024,LECHUGA CRES*UND ORGANICA BOLSA,2200,Mercamio
02 Jan 2024,LECHUGA CRES*UND ORGANICA BOLSA,2200,Mercamio
26 Dec 2023,LECHUGA CRES*UND ORGANICA BOLSA,2200,Mercamio
12 Dec 2023,LECHUGA CRES*UND ORGANICA BOLSA,2200,Mercamio
27 Nov 2023,LECHUGA CRES*UND ORGANICA BOLSA,2200,Mercamio
04 Nov 2023,LECHUGA CRES*UND ORGANICA BOLSA,2200,Mercamio
01 Oct 2023,LECHUGA CRES*UND ORGANICA BOLSA,2200,Mercamio
11 Sep 2023,LECHUGA CRES*UND ORGANICA BOLSA,2200,Mercamio
07 Sep 2023,LECHUGA CRES*UND ORGANICA BOLSA,2200,Mercamio
14 Aug 2023,LECHUGA CRES*UND ORGANICA BOLSA,2200,Mercamio
15 Nov 2023,LECHUGA MIXTA*UNIDAD,2250,Mercamio
20 Oct 2023,LECHUGA MIXTA*UNIDAD,2250,Mercamio
07 Oct 2023,LECHUGA MIXTA*UNIDAD,2250,Mercamio
27 Aug 2023,LECHUGA MIXTA*UNIDAD,2250,Mercamio
27 Nov 2023,LENTEJA SELETTI*500g,3150,Mercamio
25 Nov 2023,LENTEJA SELETTI*500g,3150,Mercamio
25 Nov 2023,LENTEJA SELETTI*500g,3150,Mercamio
15 Apr 2024,LENTEJA ZENU*310g PAPAS/ZANAHORIAS,7050,Mercamio
12 Dec 2023,LENTEJA ZENU*310g PAPAS/ZANAHORIAS,6600,Mercamio
27 Nov 2023,LENTEJA ZENU*310g PAPAS/ZANAHORIAS,6600,Mercamio
02 May 2024,LIBRETA PARA COLOREAR/CALCOMAN,20873,Dollarcity
18 Feb 2024,LIBRETA PARA COLOREAR/CALCOMAN,20873,Dollarcity
02 Jan 2024,LIMON TAHITI*KILO,2199,Mercamio
12 Dec 2023,LIMON TAHITI*KILO,2200,Mercamio
04 Nov 2023,LIMON TAHITI*KILO,4400,Mercamio
20 Oct 2023,LIMON TAHITI*KILO,5799,Mercamio
14 Aug 2023,LIMON TAHITI*KILO,1980,Mercamio
26 Dec 2023,LIMP MERCAMIO*3000ml PISO/LAVANDA,7750,Mercamio
01 Oct 2023,LIMP MERCAMIO*3000ml PISO/LAVANDA,6990,Mercamio
11 Mar 2024,LIMP MERCAMIO*5000ml LAVANDA,11750,Mercamio
04 Feb 2024,LIMP MERCAMIO*5000ml LAVANDA,11750,Mercamio
27 Aug 2023,LIMP MERCAMIO*5000ml PISO/LAVANDA,11500,Mercamio
27 Feb 2024,LOMIT DE TILAPIA EL DORADO*450g*6und,7300,Mercamio
20 Mar 2024,Lavaloz Liq Alk Ant Citru 3.7L,15900,Alkosto
09 Feb 2024,Lavaloz Liq Alk Ant Citru 3.7L,15900,Alkosto
04 Jan 2024,Lavaloz Liq Alk Ant Citru 3.7L,15900,Alkosto
27 Oct 2023,Lavaloz Liq Alk Ant Citru 3.7L,15900,Alkosto
27 Jan 2024,Leche ALQUERIA sab,38490,Jumbo
27 Jan 2024,Leche ALQUERIA sab,38490,Jumbo
01 May 2024,Leche Alk Entera 1100ml x6u,23900,Alkosto
22 Apr 2024,Leche Sanfern Entera 1100mlx6U,33900,Alkosto
12 Apr 2024,Leche Sanfern Entera 1100mlx6U,33900,Alkosto
01 May 2024,Lechuga Hidro Verde Cresp 180g,3950,Alkosto
23 Feb 2024,Lechuga Hidro Verde Cresp 180g,3950,Alkosto
20 Mar 2024,Lechuga Verde Crespa x 200 g,2800,Alkosto
01 May 2024,Lentejas Zenu 310g,7400,Alkosto
20 Mar 2024,Limon Tahiti kg,4800,Alkosto
09 Feb 2024,Limon Tahiti kg,2800,Alkosto
04 Jan 2024,Limp Tanque Tergo Blue 110g,8900,Alkosto
27 Oct 2023,Limp Tanque Tergo Blue 110g,8900,Alkosto
27 Aug 2023,MAIZ DONA LUPE PIRA*500g,2990,Mercamio
11 Mar 2024,MAIZ DULCE SELETTI*425g,4590,Mercamio
04 Feb 2024,MAIZ DULCE SELETTI*425g,4590,Mercamio
15 Nov 2023,MAIZ DULCE SELETTI*425g,4590,Mercamio
11 Sep 2023,MAIZ DULCE SELETTI*425g,4950,Mercamio
11 Mar 2024,MAIZ SELETTI PIRA*500g,2480,Mercamio
27 Nov 2023,MANDARINA ARRAYANA*KILO,3301,Mercamio
20 Oct 2023,MANDARINA ARRAYANA*KILO,5400,Mercamio
27 Sep 2023,MANDARINA ARRAYANA*KILO,5400,Mercamio
03 May 2024,MANGO GRUESO*KILO,7000,Mercamio
15 Apr 2024,MANGO GRUESO*KILO,6900,Mercamio
10 Mar 2024,MANGO GRUESO*KILO,7200,Mercamio
20 Oct 2023,MANGO GRUESO*KILO,11200,Mercamio
27 Sep 2023,MANGO GRUESO*KILO,11200,Mercamio
07 Apr 2024,MANGO MADURO,11300,Exito
25 Mar 2024,MANTEQ ALPINA*125g BAJ/SAL,8150,Mercamio
04 Feb 2024,MANTEQ ALPINA*125g C/SAL,8150,Mercamio
21 Apr 2024,MANZANA GALA*KILO,7800,Mercamio
15 Apr 2024,MANZANA GALA*KILO,5980,Mercamio
31 Mar 2024,MANZANA GALA*KILO,9200,Mercamio
10 Mar 2024,MANZANA GALA*KILO,11600,Mercamio
27 Feb 2024,MANZANA GALA*KILO,11600,Mercamio
14 Feb 2024,MANZANA GALA*KILO,11599,Mercamio
04 Feb 2024,MANZANA GALA*KILO,10600,Mercamio
23 Jan 2024,MANZANA GALA*KILO,9602,Mercamio
15 Jan 2024,MANZANA GALA*KILO,9600,Mercamio
05 Jan 2024,MANZANA GALA*KILO,9600,Mercamio
27 Nov 2023,MANZANA GALA*KILO,9800,Mercamio
07 Nov 2023,MANZANA GALA*KILO,9800,Mercamio
20 Oct 2023,MANZANA GALA*KILO,10198,Mercamio
12 Dec 2023,MANZANA ROJA*KILO,10400,Mercamio
15 Nov 2023,MANZANA ROJA*KILO,10400,Mercamio
27 Sep 2023,MANZANA*UND BOLSA 1K,7600,Mercamio
01 Oct 2023,MAQUINA SCHICK*und QUATTRO4 SENSIBLE MUJ,4032,Mercamio
10 Apr 2024,MARCADORES DE COLORES,11596,Dollarcity
05 Jan 2024,MARRANITAS RICURA*480g*8und T/COCTEL,20750,Mercamio
12 Dec 2023,MARRANITAS RICURA*480g*8und T/COCTEL,20750,Mercamio
04 Nov 2023,MARRANITAS RICURA*480g*8und T/COCTEL,20750,Mercamio
11 Sep 2023,MARRANITAS RICURA*480g*8und T/COCTEL,18900,Mercamio
27 Aug 2023,MARRANITAS RICURA*480g*8und T/COCTEL,18900,Mercamio
23 Jan 2024,MAYON FRUCO*380g D/P,10900,Mercamio
25 Nov 2023,MAYON FRUCO*380g D/P,10400,Mercamio
27 Aug 2023,MERMELADA CONSTANCIA*200g FRESA,4500,Mercamio
27 Aug 2023,MERMELADA CONSTANCIA*200g MORA,4300,Mercamio
03 May 2024,MEZCLA HAZ DE ORO*600g PANCAKES/,12004,Mercamio
03 May 2024,MIEL ABEJA PARAISO*500g,7800,Mercamio
03 May 2024,MIEL SYRUP HAZ D/OROS*340ml PANKAK REGUL,19400,Mercamio
27 Aug 2023,MINIGALLETA HAPPY*5und PERRO,3950,Mercamio
14 Aug 2023,MUSLOS BLANCO MERCAMIO*und,1650,Mercamio
01 May 2024,Maiz Tierno Alkosto 425g,6842,Alkosto
01 May 2024,Mamipancito Blanco x20U 350g,6600,Alkosto
23 Feb 2024,Mamipancito Blanco x20U 350g,6600,Alkosto
12 Apr 2024,Mandarina kg,10504,Alkosto
20 Mar 2024,Mandarina kg,11000,Alkosto
20 Mar 2024,Mango Variedad kg,8800,Alkosto
04 Jan 2024,Mantequill Alpina Con Sal 125g,7990,Alkosto
12 Apr 2024,Mantequill Alpina Sin Sal 125g,7950,Alkosto
23 Feb 2024,Mantequill Alpina Sin Sal 125g,7950,Alkosto
16 Dec 2023,Mermelada SCHWARTA,20890,Jumbo
16 Dec 2023,Mermelada TFM nara,19889,Jumbo
01 May 2024,Milanesa de Cerdo Bja kg,23900,Alkosto
07 Nov 2023,NARANJA J/MIEL*2500g MALLA,4600,Mercamio
27 Feb 2024,NARANJA TANGELO*KILO,7600,Mercamio
27 Nov 2023,NATILLA MAIZENA*300g AREQUIPE,8567,Mercamio
27 Jan 2024,NESQUIK NUTRIB CHO,13090,Jumbo
04 Apr 2024,NUGGETS ZENU*512g*32und POLLO APANADO,28850,Mercamio
27 Feb 2024,NUGGETS ZENU*512g*32und POLLO APANADO,28850,Mercamio
12 Apr 2024,Naranja Tangelo kg,8500,Alkosto
20 Mar 2024,Naranja Tangelo kg,9500,Alkosto
09 Feb 2024,Naranja Tangelo kg,6900,Alkosto
04 Jan 2024,Naranja Tangelo kg,5400,Alkosto
27 Aug 2023,OBLEAS GAMBA*150g*24und BOLSA,9500,Mercamio
04 Feb 2024,PAN BIMBO*350g HAMBURGUESA,5650,Mercamio
05 Jan 2024,PAN BIMBO*360g*4und HAMBURGUESA DORADO,6400,Mercamio
03 May 2024,PAN BIMBO*600g BLANCO ACTIDEFENS,4950,Mercamio
25 Mar 2024,PAN BIMBO*600g BLANCO ACTIDEFENS,5950,Mercamio
11 Mar 2024,PAN BIMBO*600g BLANCO ACTIDEFENS,5950,Mercamio
12 Dec 2023,PAN BIMBO*600g BLANCO ACTIDEFENS,6450,Mercamio
20 Oct 2023,PAN BIMBO*600g BLANCO ACTIDEFENS,6450,Mercamio
11 Sep 2023,PAN BIMBO*600g BLANCO ACTIDEFENS,6450,Mercamio
14 Aug 2023,PAN BIMBO*600g BLANCO ACTIDEFENS,6450,Mercamio
25 Mar 2024,PAN KUTY*400g MANTEQUILLA,2990,Mercamio
11 Mar 2024,PAN KUTY*400g MANTEQUILLA,4400,Mercamio
03 Mar 2024,PAN KUTY*400g MANTEQUILLA,4400,Mercamio
27 Feb 2024,PAN KUTY*400g MANTEQUILLA,4400,Mercamio
15 Jan 2024,PAN KUTY*400g MANTEQUILLA,4400,Mercamio
12 Dec 2023,PAN KUTY*400g MANTEQUILLA,4300,Mercamio
15 Nov 2023,PAN KUTY*400g MANTEQUILLA,4300,Mercamio
07 Nov 2023,PAN KUTY*400g MANTEQUILLA,4300,Mercamio
20 Oct 2023,PAN KUTY*400g MANTEQUILLA,4300,Mercamio
20 Oct 2023,PAN KUTY*400g MANTEQUILLA,4300,Mercamio
27 Sep 2023,PAN KUTY*400g MANTEQUILLA,4300,Mercamio
11 Sep 2023,PAN KUTY*400g MANTEQUILLA,4300,Mercamio
12 Dec 2023,PAN MAMIPAN*210g*12und MAMIPANCITO,2750,Mercamio
04 Apr 2024,PAN MAMIPAN*350g MAMIPANCITO,5750,Mercamio
25 Mar 2024,PAN MAMIPAN*350g MAMIPANCITO,3500,Mercamio
03 Mar 2024,PAN MAMIPAN*350g MAMIPANCITO,5750,Mercamio
27 Aug 2023,PAN MAMIPAN*650g SUPER SANDWICH,6500,Mercamio
25 Nov 2023,PANELA LIBANO*1000g*2UND REDONDA,4990,Mercamio
25 Nov 2023,PANELA LIBANO*1000g*2UND REDONDA,4990,Mercamio
14 Aug 2023,PANELA PALEST*1000g*8 REDONDITAS,6450,Mercamio
31 Mar 2024,PAPA AMARILLA/CRIOLLA*KILO GRANEL,4700,Mercamio
04 Feb 2024,PAPA AMARILLA/CRIOLLA*KILO GRANEL,4200,Mercamio
15 Jan 2024,PAPA AMARILLA/CRIOLLA*KILO GRANEL,5700,Mercamio
01 Oct 2023,PAPA AMARILLA/CRIOLLA*KILO GRANEL,5600,Mercamio
27 Aug 2023,PAPA AMARILLA/CRIOLLA*KILO GRANEL,6800,Mercamio
31 Mar 2024,PAPA LIMPIA*KILO,4200,Mercamio
10 Mar 2024,PAPA LIMPIA*KILO,4200,Mercamio
27 Feb 2024,PAPA LIMPIA*KILO,4200,Mercamio
02 Jan 2024,PAPA LIMPIA*KILO,4899,Mercamio
15 Jan 2024,PAPA PARDA*2500g BOLSA,13500,Mercamio
27 Nov 2023,PAPA PARDA*2500g BOLSA,13400,Mercamio
15 Nov 2023,PAPA PARDA*2500g BOLSA,12700,Mercamio
20 Oct 2023,PAPA PARDA*2500g BOLSA,12700,Mercamio
01 Oct 2023,PAPA PARDA*2500g BOLSA,10500,Mercamio
27 Aug 2023,PAPA PARDA*2500g BOLSA,9950,Mercamio
04 Feb 2024,PAPA PARDA*5000g BOLSA,21800,Mercamio
07 Apr 2024,PAPA PASTUSA,12600,Exito
25 Mar 2024,PAPA RAPIPAPA MC-CAIN*1000g DELGADAS,19500,Mercamio
05 Jan 2024,PAPA RAPIPAPA MC-CAIN*1000g DELGADAS,19500,Mercamio
12 Dec 2023,PAPA RAPIPAPA MC-CAIN*1000g DELGADAS,19500,Mercamio
04 Nov 2023,PAPA RAPIPAPA MC-CAIN*1000g DELGADAS,19500,Mercamio
01 Oct 2023,PAPA RAPIPAPA MC-CAIN*1000g DELGADAS,19500,Mercamio
27 Aug 2023,PAPA RAPIPAPA MC-CAIN*1000g DELGADAS,19500,Mercamio
14 Aug 2023,PAPAS COLOMBIA*450g FRITO MIX,19950,Mercamio
14 Feb 2024,PAPAS MARGARITA*105g LIMON,6500,Mercamio
12 Dec 2023,PAPAS MARGARITA*105g LIMON,6500,Mercamio
05 Jan 2024,PAPAS MARGARITA*105g POLLO,6500,Mercamio
21 Apr 2024,PAPAYA COMUN*KILO,1780,Mercamio
01 Oct 2023,PAPEL H FAMILIA*15und(360.81m)EXTRA T.H,18990,Mercamio
05 Jan 2024,PAPEL H SUAVE GOLD*12und(384m) T/H,29500,Mercamio
01 Oct 2023,PAPEL H SUAVE GOLD*12und(384m) T/H,19990,Mercamio
27 Aug 2023,PAPEL H SUAVE GOLD*12und(384m) T/H,29500,Mercamio
31 Mar 2024,PASAB CALENAS*120g*8 ROSQUILLAS LONCHERA,8950,Mercamio
03 Mar 2024,PASAB CALENAS*120g*8 ROSQUILLAS LONCHERA,8950,Mercamio
14 Feb 2024,PASAB CALENAS*120g*8 ROSQUILLAS LONCHERA,8950,Mercamio
04 Feb 2024,PASAB CALENAS*120g*8 ROSQUILLAS LONCHERA,8950,Mercamio
15 Jan 2024,PASAB CALENAS*120g*8 ROSQUILLAS LONCHERA,8700,Mercamio
05 Jan 2024,PASAB CALENAS*120g*8 ROSQUILLAS LONCHERA,8700,Mercamio
26 Dec 2023,PASAB CALENAS*120g*8 ROSQUILLAS LONCHERA,8350,Mercamio
12 Dec 2023,PASAB CALENAS*120g*8 ROSQUILLAS LONCHERA,8350,Mercamio
27 Nov 2023,PASAB CALENAS*120g*8 ROSQUILLAS LONCHERA,8350,Mercamio
15 Nov 2023,PASAB CALENAS*120g*8 ROSQUILLAS LONCHERA,8350,Mercamio
04 Nov 2023,PASAB CALENAS*120g*8 ROSQUILLAS LONCHERA,7650,Mercamio
20 Oct 2023,PASAB CALENAS*120g*8 ROSQUILLAS LONCHERA,7650,Mercamio
07 Oct 2023,PASAB CALENAS*120g*8 ROSQUILLAS LONCHERA,7650,Mercamio
01 Oct 2023,PASAB CALENAS*120g*8 ROSQUILLAS LONCHERA,7650,Mercamio
11 Sep 2023,PASAB CALENAS*120g*8 ROSQUILLAS LONCHERA,5990,Mercamio
27 Aug 2023,PASAB CALENAS*120g*8 ROSQUILLAS LONCHERA,7650,Mercamio
14 Aug 2023,PASAB CALENAS*120g*8 ROSQUILLAS LONCHERA,7650,Mercamio
14 Feb 2024,PASAB CHEETOS*34g BOLIQUESO,1600,Mercamio
14 Feb 2024,PASAB CHEETOS*34g BOLIQUESO,1600,Mercamio
03 May 2024,PASAB DETODITO*165g BBQ,3990,Mercamio
03 May 2024,PASAB DETODITO*165g LIMON,3990,Mercamio
07 Nov 2023,PASAB DETODITO*165g LIMON,6950,Mercamio
05 Jan 2024,PASAB DETODITO*400g NATURAL MAS AHORRO,17400,Mercamio
07 Oct 2023,PASAB SELETTI*85g PLATANITOS LIMON,2990,Mercamio
21 Apr 2024,PASTA CONZAZONI*500g PENNE RIGATE,8990,Mercamio
11 Sep 2023,PASTA LA MUNECA*500g CABELLO ANGEL,3990,Mercamio
25 Nov 2023,PASTA LA MUNECA*500g ESPAGUETIS,3990,Mercamio
25 Nov 2023,PASTA LA MUNECA*500g ESPAGUETIS,3990,Mercamio
25 Nov 2023,PASTA LA MUNECA*500g ESPAGUETIS,3990,Mercamio
25 Nov 2023,PASTA LA MUNECA*500g ESPAGUETIS,3990,Mercamio
03 May 2024,PELICULA PLAST FANZ*100mt ADHERENTE,8990,Mercamio
27 Nov 2023,PELICULA PLAST FANZ*30mt,2750,Mercamio
21 Apr 2024,PEPINO COHOMBRO*KILO,1579,Mercamio
15 Apr 2024,PEPINO COHOMBRO*KILO,1980,Mercamio
31 Mar 2024,PEPINO COHOMBRO*KILO,1980,Mercamio
10 Mar 2024,PEPINO COHOMBRO*KILO,2700,Mercamio
04 Feb 2024,PEPINO COHOMBRO*KILO,2899,Mercamio
15 Jan 2024,PEPINO COHOMBRO*KILO,1980,Mercamio
02 Jan 2024,PEPINO COHOMBRO*KILO,1700,Mercamio
26 Dec 2023,PEPINO COHOMBRO*KILO,1179,Mercamio
27 Nov 2023,PEPINO COHOMBRO*KILO,2579,Mercamio
20 Oct 2023,PEPINO COHOMBRO*KILO,2778,Mercamio
01 Oct 2023,PEPINO COHOMBRO*KILO,2781,Mercamio
11 Sep 2023,PEPINO COHOMBRO*KILO,2200,Mercamio
27 Aug 2023,PEPINO COHOMBRO*KILO,2199,Mercamio
14 Aug 2023,PEPINO COHOMBRO*KILO,2600,Mercamio
15 Apr 2024,PERA VERDE*KILO,9000,Mercamio
10 Mar 2024,PERA VERDE*KILO,10000,Mercamio
27 Feb 2024,PERA VERDE*KILO,10000,Mercamio
04 Feb 2024,PERA VERDE*KILO,9800,Mercamio
23 Jan 2024,PERA VERDE*KILO,9802,Mercamio
15 Jan 2024,PERA VERDE*KILO,9200,Mercamio
05 Jan 2024,PERA VERDE*KILO,9200,Mercamio
12 Dec 2023,PERA VERDE*KILO,8901,Mercamio
27 Nov 2023,PERA VERDE*KILO,9800,Mercamio
15 Nov 2023,PERA VERDE*KILO,10400,Mercamio
20 Oct 2023,PERA VERDE*KILO,11197,Mercamio
27 Sep 2023,PERA VERDE*KILO,10600,Mercamio
01 Oct 2023,PESC FILETE TILAPIA*KILO,20599,Mercamio
01 Oct 2023,PLATANO COMUN*KILO,2300,Mercamio
14 Aug 2023,PLATANO COMUN*KILO,2979,Mercamio
31 Mar 2024,PLATANO MADURO *KILO,3100,Mercamio
11 Mar 2024,PLATANO MADURO *KILO,3101,Mercamio
27 Feb 2024,PLATANO MADURO *KILO,2800,Mercamio
04 Feb 2024,PLATANO MADURO *KILO,2780,Mercamio
27 Nov 2023,PLATANO MADURO *KILO,3600,Mercamio
15 Nov 2023,PLATANO MADURO *KILO,3300,Mercamio
20 Oct 2023,PLATANO MADURO *KILO,2980,Mercamio
11 Sep 2023,PLATANO MADURO *KILO,2900,Mercamio
23 Jan 2024,POLLO SR WOK*225g TERIYAKI,16990,Mercamio
11 Sep 2023,POLLO SR WOK*225g TERIYAKI,15850,Mercamio
11 Mar 2024,POLLO SR WOK*270g A LA NARANJA,15500,Mercamio
11 Sep 2023,POLLO SR WOK*270g A LA NARANJA,14500,Mercamio
10 Mar 2024,PONQUE MERCAMIO*300g*5und TAJADO,9750,Mercamio
10 Mar 2024,PONQUE MERCAMIO*300g*5und TAJADO,9750,Mercamio
27 Feb 2024,PONQUE MERCAMIO*300g*5und TAJADO,9750,Mercamio
27 Feb 2024,PONQUE MERCAMIO*300g*5und TAJADO,9750,Mercamio
26 Dec 2023,PONQUE MERCAMIO*300g*5und TAJADO,8990,Mercamio
27 Nov 2023,PONQUE MERCAMIO*300g*5und TAJADO,8990,Mercamio
04 Nov 2023,PONQUE MERCAMIO*300g*5und TAJADO,8990,Mercamio
04 Nov 2023,PONQUE MERCAMIO*300g*5und TAJADO,8990,Mercamio
20 Oct 2023,PONQUE MERCAMIO*300g*5und TAJADO,8450,Mercamio
20 Oct 2023,PONQUE MERCAMIO*300g*5und TAJADO,8450,Mercamio
01 Oct 2023,PONQUE MERCAMIO*300g*5und TAJADO,8450,Mercamio
27 Sep 2023,PONQUE MERCAMIO*300g*5und TAJADO,8450,Mercamio
07 Sep 2023,PONQUE MERCAMIO*300g*5und TAJADO,6950,Mercamio
27 Aug 2023,PONQUE MERCAMIO*300g*5und TAJADO,8450,Mercamio
27 Aug 2023,PONQUE MERCAMIO*300g*5und TAJADO,8450,Mercamio
14 Aug 2023,PONQUE MERCAMIO*300g*5und TAJADO,8450,Mercamio
14 Feb 2024,PONQUE RAMO*60g GALA CHOCOLATE TAJADO,2000,Mercamio
14 Feb 2024,PONQUE RAMO*60g GALA CHOCOLATE TAJADO,2000,Mercamio
14 Feb 2024,PONQUE RAMO*60g GALA CHOCOLATE TAJADO,2000,Mercamio
14 Feb 2024,PONQUE RAMO*60g GALA CHOCOLATE TAJADO,2000,Mercamio
14 Feb 2024,PONQUE RAMO*60g GALA CHOCOLATE TAJADO,2000,Mercamio
04 Feb 2024,PONQUE RAMO*60g GALA CHOCOLATE TAJADO,2000,Mercamio
04 Feb 2024,PONQUE RAMO*60g GALA CHOCOLATE TAJADO,2000,Mercamio
04 Feb 2024,PONQUE RAMO*60g GALA CHOCOLATE TAJADO,2000,Mercamio
04 Feb 2024,PONQUE RAMO*60g GALA CHOCOLATE TAJADO,2000,Mercamio
12 Dec 2023,PONQUE RAMO*60g GALA CHOCOLATE TAJADO,1850,Mercamio
12 Dec 2023,PONQUE RAMO*60g GALA CHOCOLATE TAJADO,1850,Mercamio
12 Dec 2023,PONQUE RAMO*60g GALA CHOCOLATE TAJADO,1850,Mercamio
12 Dec 2023,PONQUE RAMO*60g GALA CHOCOLATE TAJADO,1850,Mercamio
15 Nov 2023,PONQUE RAMO*60g GALA CHOCOLATE TAJADO,1600,Mercamio
15 Nov 2023,PONQUE RAMO*60g GALA CHOCOLATE TAJADO,1600,Mercamio
15 Nov 2023,PONQUE RAMO*60g GALA CHOCOLATE TAJADO,1600,Mercamio
15 Nov 2023,PONQUE RAMO*60g GALA CHOCOLATE TAJADO,1600,Mercamio
14 Feb 2024,PONQUE RAMO*60g GALA VAINILLA TAJAD0,2000,Mercamio
14 Feb 2024,PONQUE RAMO*60g GALA VAINILLA TAJAD0,2000,Mercamio
14 Feb 2024,PONQUE RAMO*60g GALA VAINILLA TAJAD0,2000,Mercamio
14 Feb 2024,PONQUE RAMO*60g GALA VAINILLA TAJAD0,2000,Mercamio
04 Feb 2024,PONQUE RAMO*60g GALA VAINILLA TAJAD0,2000,Mercamio
04 Feb 2024,PONQUE RAMO*60g GALA VAINILLA TAJAD0,2000,Mercamio
04 Feb 2024,PONQUE RAMO*60g GALA VAINILLA TAJAD0,2000,Mercamio
05 Jan 2024,PONQUE RAMO*60g GALA VAINILLA TAJAD0,1850,Mercamio
05 Jan 2024,PONQUE RAMO*60g GALA VAINILLA TAJAD0,1850,Mercamio
05 Jan 2024,PONQUE RAMO*60g GALA VAINILLA TAJAD0,1850,Mercamio
05 Jan 2024,PONQUE RAMO*60g GALA VAINILLA TAJAD0,1850,Mercamio
05 Jan 2024,PONQUE RAMO*60g GALA VAINILLA TAJAD0,1850,Mercamio
05 Jan 2024,PONQUE RAMO*60g GALA VAINILLA TAJAD0,1850,Mercamio
12 Dec 2023,PONQUE RAMO*60g GALA VAINILLA TAJAD0,1850,Mercamio
12 Dec 2023,PONQUE RAMO*60g GALA VAINILLA TAJAD0,1850,Mercamio
15 Nov 2023,PONQUE RAMO*60g GALA VAINILLA TAJAD0,1600,Mercamio
15 Nov 2023,PONQUE RAMO*60g GALA VAINILLA TAJAD0,1600,Mercamio
11 Sep 2023,PONY MALTA*1500ml PET NVO,4990,Mercamio
03 Mar 2024,PROTECT CAREFREE*150und TODOSLOSDIAS,16450,Mercamio
15 Apr 2024,PULPA PULPI FRES*500g F/AMARILLOS MONDAD,6100,Mercamio
31 Mar 2024,PULPA PULPI FRES*500g F/AMARILLOS MONDAD,6100,Mercamio
10 Mar 2024,PULPA PULPI FRES*500g F/AMARILLOS MONDAD,6100,Mercamio
27 Feb 2024,PULPA PULPI FRES*500g F/AMARILLOS MONDAD,6100,Mercamio
27 Nov 2023,PULPA PULPI FRES*500g F/AMARILLOS MONDAD,5600,Mercamio
27 Nov 2023,PULPA PULPI FRES*500g F/AMARILLOS MONDAD,5600,Mercamio
04 Nov 2023,PULPA PULPI FRES*500g F/AMARILLOS MONDAD,5600,Mercamio
14 Aug 2023,PULPA PULPI FRES*500g F/AMARILLOS MONDAD,5600,Mercamio
27 Feb 2024,PULPA PULPI FRES*500g F/ROJOS MONDADO BO,6100,Mercamio
05 Jan 2024,PULPA PULPI FRES*500g F/ROJOS MONDADO BO,5600,Mercamio
11 Sep 2023,PULPA PULPI FRES*500g F/ROJOS MONDADO BO,5600,Mercamio
15 Apr 2024,PULPA PULPI FRES*500g FRESA,5850,Mercamio
31 Mar 2024,PULPA PULPI FRES*500g FRESA,5850,Mercamio
05 Jan 2024,PULPA PULPI FRES*500g FRESA,5300,Mercamio
01 Oct 2023,PULPA PULPI FRES*500g FRESA,5300,Mercamio
11 Sep 2023,PULPA PULPI FRES*500g FRESA,5300,Mercamio
14 Aug 2023,PULPA PULPI FRES*500g FRESA,5300,Mercamio
15 Apr 2024,PULPA PULPI FRES*500g MANGO/BSA,6100,Mercamio
31 Mar 2024,PULPA PULPI FRES*500g MANGO/BSA,6100,Mercamio
10 Mar 2024,PULPA PULPI FRES*500g MANGO/BSA,6100,Mercamio
04 Feb 2024,PULPA PULPI FRES*500g MANGO/BSA,6100,Mercamio
15 Jan 2024,PULPA PULPI FRES*500g MANGO/BSA,5600,Mercamio
05 Jan 2024,PULPA PULPI FRES*500g MANGO/BSA,5600,Mercamio
04 Nov 2023,PULPA PULPI FRES*500g MANGO/BSA,5600,Mercamio
11 Sep 2023,PULPA PULPI FRES*500g MANGO/BSA,5600,Mercamio
14 Aug 2023,PULPA PULPI FRES*500g MANGO/BSA,5600,Mercamio
27 Feb 2024,PULPA PULPI FRES*500g MARACUYA BOLSA MON,7700,Mercamio
15 Jan 2024,PULPA PULPI FRES*500g MARACUYA BOLSA MON,6950,Mercamio
11 Sep 2023,PULPA PULPI FRES*500g MARACUYA BOLSA MON,6950,Mercamio
15 Apr 2024,PULPA PULPI FRES*500g MORA,6100,Mercamio
15 Apr 2024,PULPA PULPI FRES*500g MORA,6100,Mercamio
31 Mar 2024,PULPA PULPI FRES*500g MORA,6100,Mercamio
10 Mar 2024,PULPA PULPI FRES*500g MORA,6100,Mercamio
10 Mar 2024,PULPA PULPI FRES*500g MORA,6100,Mercamio
04 Feb 2024,PULPA PULPI FRES*500g MORA,6100,Mercamio
15 Jan 2024,PULPA PULPI FRES*500g MORA,5600,Mercamio
27 Nov 2023,PULPA PULPI FRES*500g MORA,5600,Mercamio
27 Nov 2023,PULPA PULPI FRES*500g MORA,5600,Mercamio
01 Oct 2023,PULPA PULPI FRES*500g MORA,5600,Mercamio
27 Aug 2023,PULPA PULPI FRES*500g MORA,5600,Mercamio
31 Mar 2024,PULPA PULPI FRES*500g TROPICAL MONDADO B,6100,Mercamio
27 Feb 2024,PULPA PULPI FRES*500g TROPICAL MONDADO B,6100,Mercamio
04 Nov 2023,PULPA PULPI FRES*500g TROPICAL MONDADO B,5600,Mercamio
27 Aug 2023,PULPA PULPI FRES*500g TROPICAL MONDADO B,5600,Mercamio
04 Nov 2023,PULPA PULPI FRES*500g UVA,5300,Mercamio
01 Oct 2023,PULPA PULPI FRES*500g UVA,5300,Mercamio
27 Aug 2023,PULPA PULPI FRES*500g UVA,5300,Mercamio
27 Mar 2024,PUNTA DE ANCA VENTA,44533,Jumbo
22 Apr 2024,Pan Taj Bimbo Blanc ActiD 600g,6250,Alkosto
23 Feb 2024,Pan Taj Bimbo Blanc ActiD 600g,6250,Alkosto
04 Jan 2024,Pan Taj Bimbo Blanc ActiD 600g,6750,Alkosto
30 Nov 2023,Pan Taj Bimbo Blanc ActiD 600g,6750,Alkosto
12 Apr 2024,Panal Pampers Baby Dry Et3x104,134900,Alkosto
07 Mar 2024,Panal Pampers Baby Dry Et3x104,134900,Alkosto
09 Feb 2024,Panal Pampers Baby Dry Et3x104,130592,Alkosto
04 Jan 2024,Panal Pampers Baby Dry Et3x104,134900,Alkosto
30 Nov 2023,Panal Pampers Baby Dry Et3x104,131669,Alkosto
27 Oct 2023,Panal Pampers Baby Dry Et3x104,134900,Alkosto
09 Feb 2024,Pap Super Fosforito Pollo 160g,9161,Alkosto
12 Apr 2024,Papa Criolla granel kg,5800,Alkosto
20 Mar 2024,Papa Criolla granel kg,5949,Alkosto
01 May 2024,Papa Francesa Alkosto 2Kg,24900,Alkosto
20 Mar 2024,Papa Granel Kg,4600,Alkosto
01 May 2024,Papa Super Picada Calima 400g,22654,Alkosto
07 Apr 2024,Papaya Comun,1670,Exito
20 Mar 2024,Papaya Kg,3600,Alkosto
01 May 2024,Pasta Alkosto Fideos 1000g,5400,Alkosto
07 Apr 2024,Pasta Tomate Sin S,13550,Exito
01 May 2024,Pepino Cohombro kg,2800,Alkosto
23 Feb 2024,Pepino Cohombro kg,4600,Alkosto
23 Feb 2024,Ph Famil Acol Mega 29.6Mt 24Rl,46752,Alkosto
07 Mar 2024,"PlanRp B+D Vap IRBD300 True""Az",83345,Alkosto
12 Apr 2024,Platano Harton Maduro kg,3800,Alkosto
23 Feb 2024,Platano Harton Maduro kg,3800,Alkosto
20 Mar 2024,Platano Harton Verde kg,3950,Alkosto
21 Apr 2024,Play Doh Cubeta Su,38074,Exito
07 Apr 2024,Play Doh Individua,9990,Exito
16 Dec 2023,Pollo BERNA florenti,68380,Jumbo
16 Dec 2023,Pollo BERNA florenti,68614,Jumbo
07 Mar 2024,Protector Almohada 50x90,16900,Alkosto
07 Mar 2024,Protector Almohada Termo 70X50,23515,Alkosto
01 May 2024,Pulp Cong Alkosto Maracuy 500g,6100,Alkosto
01 May 2024,Pulpa Cong Alkosto Mango 500g,6100,Alkosto
01 May 2024,Pulpa Cong Alkosto Mora 500g,6600,Alkosto
01 May 2024,Pulpa Cong Alkosto Pina 500g,4900,Alkosto
27 Feb 2024,QUESO ALPINA*185g QUESITO,5650,Mercamio
12 Dec 2023,QUESO ALPINA*250g HOLANDES TRADICIONAL,20990,Mercamio
27 Nov 2023,QUESO ALPINA*250g PARMESANO,24541,Mercamio
07 Apr 2024,QUESO ANALOGO TIPO,8990,Exito
27 Nov 2023,QUESO AZTECA*200g CHEDDAR/DP,10500,Mercamio
11 Sep 2023,QUESO CALIDAD*300g MOZARELLA RALLADO,9700,Mercamio
15 Jan 2024,QUESO CALIDAD*400g D/CREMA TAJADO,9350,Mercamio
26 Dec 2023,QUESO CALIDAD*400g D/CREMA TAJADO,10750,Mercamio
21 Apr 2024,QUESO COLANTA*230g CREMA,4250,Mercamio
11 Mar 2024,QUESO COLANTA*230g CREMA,5800,Mercamio
04 Feb 2024,QUESO COLANTA*230g CREMA,5800,Mercamio
12 Dec 2023,QUESO COLANTA*230g CREMA,5800,Mercamio
04 Nov 2023,QUESO COLANTA*230g CREMA,5800,Mercamio
11 Sep 2023,QUESO COLANTA*230g CREMA,5800,Mercamio
04 Feb 2024,QUESO COLANTA*250g PARMESANO RALLADO,23990,Mercamio
15 Jan 2024,QUESO COLANTA*250g PARMESANO RALLADO,23990,Mercamio
20 Oct 2023,QUESO COLANTA*250g PARMESANO RALLADO,23990,Mercamio
11 Sep 2023,QUESO COLANTA*250g PARMESANO RALLADO,23990,Mercamio
23 Jan 2024,QUESO DEL VECCHIO*38g PERA,2600,Mercamio
23 Jan 2024,QUESO DEL VECCHIO*38g PERA,2600,Mercamio
12 Dec 2023,QUESO DEL VECCHIO*38g PERA,2600,Mercamio
15 Nov 2023,QUESO DEL VECCHIO*38g PERA,2600,Mercamio
15 Nov 2023,QUESO DEL VECCHIO*38g PERA,2600,Mercamio
01 Oct 2023,QUESO DEL VECCHIO*38g PERA,2600,Mercamio
21 Apr 2024,QUESO FLORIDA*250g T/CHEDDAR SANDWICH TA,10950,Mercamio
21 Apr 2024,QUESO MERCAMIO*400g DOBLE CREMA/TAJADO,10800,Mercamio
04 Feb 2024,QUESO MERCAMIO*400g DOBLE CREMA/TAJADO,9950,Mercamio
12 Dec 2023,QUESO MERCAMIO*400g DOBLE CREMA/TAJADO,10800,Mercamio
15 Nov 2023,QUESO MERCAMIO*400g DOBLE CREMA/TAJADO,10800,Mercamio
20 Oct 2023,QUESO MERCAMIO*400g DOBLE CREMA/TAJADO,10800,Mercamio
01 Oct 2023,QUESO MERCAMIO*400g DOBLE CREMA/TAJADO,9950,Mercamio
07 Sep 2023,QUESO MERCAMIO*400g DOBLE CREMA/TAJADO,10800,Mercamio
27 Aug 2023,QUESO MERCAMIO*400g DOBLE CREMA/TAJADO,10800,Mercamio
31 Mar 2024,QUESO SELETTI*400g DOBLE CREMA TAJADO,8990,Mercamio
10 Mar 2024,QUESO SELETTI*400g DOBLE CREMA TAJADO,8990,Mercamio
14 Aug 2023,QUESO SELETTI*400g DOBLE CREMA TAJADO,8990,Mercamio
21 Apr 2024,QUITA GRASA MR. MUSCULO 500ML,13915,Dollarcity
21 Apr 2024,QUITA MANCHA LIQUIDO VANISH BL,9277,Dollarcity
21 Apr 2024,QUITAMANCHA POLVO TANTE ROPA B,11596,Dollarcity
01 May 2024,Ques LaMaria Mozarell Taj 400g,15900,Alkosto
01 May 2024,Queso Alkosto Parmes Rall 250g,18900,Alkosto
20 Mar 2024,Queso Alpina Parmesano 250g,25900,Alkosto
01 May 2024,Queso Cheddar LaMaria Taj 400g,17900,Alkosto
23 Feb 2024,Queso D/Crema Colant Taj x250g,11800,Alkosto
20 Mar 2024,Queso Florida Sandw Tajad 250g,12400,Alkosto
07 Apr 2024,Queso Mozzarella/R,10700,Exito
02 May 2024,RAMO GALA TAJADA PONQUÉ VAINIL,2319,Dollarcity
25 Nov 2023,REFRE NARANYA*630g 9LT,10850,Mercamio
20 Oct 2023,REFRE TANGELO*286ml,1250,Mercamio
20 Oct 2023,REFRE TANGELO*286ml,1250,Mercamio
20 Oct 2023,REFRE TANGELO*286ml,1250,Mercamio
20 Oct 2023,REFRE TANGELO*286ml,1250,Mercamio
14 Feb 2024,REFRE TANGELO*286ml*4und,4850,Mercamio
14 Feb 2024,REFRE TANGELO*286ml*4und,4850,Mercamio
04 Feb 2024,REFRE TANGELO*286ml*4und,4850,Mercamio
04 Feb 2024,REFRE TANGELO*286ml*4und,4850,Mercamio
26 Dec 2023,REFRE TANGELO*286ml*4und,4750,Mercamio
26 Dec 2023,REFRE TANGELO*286ml*4und,4750,Mercamio
12 Dec 2023,REFRE TANGELO*286ml*4und,4750,Mercamio
12 Dec 2023,REFRE TANGELO*286ml*4und,4750,Mercamio
27 Nov 2023,REFRE TANGELO*286ml*4und,4750,Mercamio
27 Nov 2023,REFRE TANGELO*286ml*4und,4750,Mercamio
04 Nov 2023,REFRE TANGELO*286ml*4und,4750,Mercamio
04 Nov 2023,REFRE TANGELO*286ml*4und,4750,Mercamio
20 Oct 2023,REFRE TANGELO*286ml*4und,4750,Mercamio
27 Sep 2023,REFRE TANGELO*286ml*4und,5508,Mercamio
11 Sep 2023,REFRE TANGELO*286ml*4und,4750,Mercamio
11 Sep 2023,REFRE TANGELO*286ml*4und,4750,Mercamio
25 Nov 2023,REFRE TROPICALYA*630g 9LT,10850,Mercamio
23 Feb 2024,Rapipapa McCain 9x9 Horno 1.5K,29086,Alkosto
22 Apr 2024,Recip Rectang Band Desag4150Ml,35900,Alkosto
20 Mar 2024,Refr Cifrut Citrus 250ml x15u,13500,Alkosto
01 May 2024,Rosquillas Calenas 15g x12,11900,Alkosto
25 Nov 2023,SAL REFISAL*1000g,2390,Mercamio
12 Dec 2023,SAL REFISAL*500g,1250,Mercamio
14 Aug 2023,SAL REFISAL*500g,1200,Mercamio
14 Aug 2023,SALCHICHA BERNA*460g AHUMADA,9850,Mercamio
15 Nov 2023,SALCHICHA RANCHERA*377g*11und,17300,Mercamio
15 Nov 2023,SALCHICHA RANCHERA*377g*11und,17300,Mercamio
21 Apr 2024,SALCHICHA RANCHERA*480g,24500,Mercamio
31 Mar 2024,SALCHICHA RANCHERA*480g,24500,Mercamio
10 Mar 2024,SALCHICHA RANCHERA*480g,24500,Mercamio
04 Feb 2024,SALCHICHA RANCHERA*480g,24500,Mercamio
23 Jan 2024,SALCHICHA RANCHERA*480g,24500,Mercamio
15 Jan 2024,SALCHICHA RANCHERA*480g,23750,Mercamio
26 Dec 2023,SALCHICHA RANCHERA*480g,22850,Mercamio
12 Dec 2023,SALCHICHA RANCHERA*480g,22850,Mercamio
27 Nov 2023,SALCHICHA RANCHERA*480g,22850,Mercamio
04 Nov 2023,SALCHICHA RANCHERA*480g,22850,Mercamio
20 Oct 2023,SALCHICHA RANCHERA*480g,19950,Mercamio
07 Oct 2023,SALCHICHA RANCHERA*480g,19950,Mercamio
07 Sep 2023,SALCHICHA RANCHERA*480g,19950,Mercamio
27 Aug 2023,SALCHICHA RANCHERA*480g,19950,Mercamio
27 Sep 2023,SALCHICHA RANCHERA*480g P14LL17,19950,Mercamio
03 May 2024,SALSA CONSTANCIA*190g BARBECUE/DP,5237,Mercamio
04 Apr 2024,SALSA CONSTANCIA*190g BARBECUE/DP,5500,Mercamio
21 Apr 2024,SALSA FRUCO*380g BBQ ARTESANAL TOQUE,13250,Mercamio
03 May 2024,SALSA FRUCO*400g TOMATE D/P,10450,Mercamio
25 Nov 2023,SALSA FRUCO*400g TOMATE D/P,9950,Mercamio
04 Nov 2023,SALSA FRUCO*400g TOMATE D/P,8990,Mercamio
21 Apr 2024,SALSA SAN JORGE*160ml SOYA,5400,Mercamio
04 Apr 2024,SAZONAREY*90g ZIPPER,2250,Mercamio
04 Apr 2024,SAZONAREY*90g ZIPPER,2250,Mercamio
01 Oct 2023,SAZONAREY*90g ZIPPER,2178,Mercamio
15 Jan 2024,SERV FAMILIA*200H 2EN1 NORMAL,8800,Mercamio
20 Oct 2023,SERV FAMILIA*200H 2EN1 NORMAL,8800,Mercamio
02 May 2024,SET DE ACUARELAS 8PK,5798,Dollarcity
02 May 2024,SET DE PINCELES DE ARTISTAS 7/,13915,Dollarcity
11 Mar 2024,SHAMP ARRURRU*750ml CABELLO CLARO,26990,Mercamio
14 Feb 2024,SHAMP NUTRIT*600ml CUIDADO NATURAL,17990,Mercamio
27 Sep 2023,SHAMP NUTRIT*600ml CUIDADO NATURAL,16800,Mercamio
11 Mar 2024,SHAMP NUTRIT*600ml KERATINMAX,17990,Mercamio
27 Aug 2023,SHAMP NUTRIT*600ml KERATINMAX,16800,Mercamio
05 Jan 2024,SHAMP NUTRIT*600ml RESTAURAMAX COCO,17990,Mercamio
01 Oct 2023,SUERO COSTENO ALQUERIA 200g BOLSA,3500,Mercamio
01 May 2024,Salchicha Ranchera Zenu 480g,20950,Alkosto
12 Apr 2024,Salchicha Ranchera Zenu 480g,20950,Alkosto
20 Mar 2024,Salchicha Ranchera Zenu 480g,20950,Alkosto
23 Feb 2024,Salchicha Ranchera Zenu 480g,24294,Alkosto
16 Dec 2023,Salsa LA CONSTACIA,5790,Jumbo
16 Dec 2023,Salsa LA CONSTANCI,9589,Jumbo
16 Dec 2023,Salsa LA CONSTANCI,5790,Jumbo
16 Dec 2023,Salsa LA CONSTANCI,5790,Jumbo
20 Mar 2024,Suaviz Alk Ropa Fant Prim 4L,12000,Alkosto
04 Jan 2024,Suaviz Alk Ropa Fant Prim 4L,12000,Alkosto
27 Oct 2023,Suaviz Alk Ropa Fant Prim 4L,12000,Alkosto
04 Nov 2023,TALCO MEXSANA*260ml LADY SPRAY (NV),20990,Mercamio
03 Mar 2024,TE SELETTI*300g 9lt FRUTOS ROJOS,5400,Mercamio
15 Jan 2024,TE SELETTI*300g 9lt FRUTOS ROJOS,5400,Mercamio
03 Mar 2024,TE SELETTI*300g*9lt LIMON,5400,Mercamio
20 Oct 2023,TE SELETTI*450g*9lt LIMON,5600,Mercamio
27 Sep 2023,TE SELETTI*450g*9lt LIMON,5600,Mercamio
10 Apr 2024,TENAZA DE METAL CON PUNTAS DE ,6957,Dollarcity
03 May 2024,TEQUILA EL JIMADOR*700ml REPOSADO,53492,Mercamio
11 Mar 2024,TINTE PALETTE TUBO#9-1 RUBIO CLARO/CENIZ,12400,Mercamio
11 Mar 2024,TINTE PALETTE TUBO#9-1 RUBIO CLARO/CENIZ,12400,Mercamio
21 Apr 2024,TOALLAS PARA COCINA DE MICROFI,11596,Dollarcity
27 Aug 2023,TOALLITAS HUGGIES*80und MANITOS/CARITAS,6650,Mercamio
27 Aug 2023,TOALLITAS HUGGIES*80und MANITOS/CARITAS,6650,Mercamio
27 Aug 2023,TOALLITAS HUGGIES*80und MANITOS/CARITAS,6650,Mercamio
27 Aug 2023,TOALLITAS HUGGIES*80und MANITOS/CARITAS,6650,Mercamio
12 Dec 2023,TOALLITAS VIP BABY*120und JUMBO ALOE T/R,6650,Mercamio
12 Dec 2023,TOALLITAS VIP BABY*120und JUMBO ALOE T/R,6650,Mercamio
11 Mar 2024,TOALLITAS VIP BABY*72und ALOE T/R,3500,Mercamio
11 Mar 2024,TOALLITAS VIP BABY*72und ALOE T/R,3500,Mercamio
11 Mar 2024,TOALLITAS VIP BABY*72und ALOE T/R,3500,Mercamio
04 Apr 2024,TOALLITAS WINNY*100und ALOE,10990,Mercamio
04 Apr 2024,TOALLITAS WINNY*100und ALOE,10990,Mercamio
04 Apr 2024,TOALLITAS WINNY*100und ALOE,10990,Mercamio
04 Apr 2024,TOALLITAS WINNY*100und ALOE,10990,Mercamio
27 Nov 2023,TOALLITAS WINNY*100und ALOE,10990,Mercamio
27 Nov 2023,TOALLITAS WINNY*100und ALOE,10990,Mercamio
27 Nov 2023,TOALLITAS WINNY*100und ALOE,10990,Mercamio
04 Nov 2023,TOALLITAS WINNY*100und ALOE,10990,Mercamio
01 Oct 2023,TOALLITAS WINNY*100und ALOE,8350,Mercamio
01 Oct 2023,TOALLITAS WINNY*100und ALOE,8350,Mercamio
01 Oct 2023,TOALLITAS WINNY*100und ALOE,8350,Mercamio
01 Oct 2023,TOALLITAS WINNY*100und ALOE,8350,Mercamio
14 Aug 2023,TOALLITAS WINNY*100und ALOE,10990,Mercamio
07 Apr 2024,TOMATE CHERRY,10130,Exito
20 Oct 2023,TOMATE CHERRY*KILO,13598,Mercamio
01 Oct 2023,TOMATE CHERRY*KILO,13600,Mercamio
11 Sep 2023,TOMATE CHERRY*KILO,13601,Mercamio
21 Apr 2024,TOMATE CHERRY*UND TARRINA,7200,Mercamio
15 Apr 2024,TOMATE CHERRY*UND TARRINA,7200,Mercamio
10 Mar 2024,TOMATE CHERRY*UND TARRINA,6800,Mercamio
23 Jan 2024,TOMATE CHERRY*UND TARRINA,6800,Mercamio
15 Jan 2024,TOMATE CHERRY*UND TARRINA,6800,Mercamio
27 Nov 2023,TOMATE CHERRY*UND TARRINA,6800,Mercamio
15 Nov 2023,TOMATE CHERRY*UND TARRINA,6800,Mercamio
04 Nov 2023,TOMATE CHERRY*UND TARRINA,6800,Mercamio
27 Aug 2023,TOMATE CHERRY*UND TARRINA,6800,Mercamio
14 Aug 2023,TOMATE CHERRY*UND TARRINA,6800,Mercamio
31 Mar 2024,TOMATE CHONTO*KILO,3700,Mercamio
04 Feb 2024,TOMATE CHONTO*KILO,4400,Mercamio
15 Jan 2024,TOMATE CHONTO*KILO,3701,Mercamio
05 Jan 2024,TOMATE CHONTO*KILO,3100,Mercamio
27 Nov 2023,TOMATE CHONTO*KILO,2980,Mercamio
20 Oct 2023,TOMATE CHONTO*KILO,5200,Mercamio
01 Oct 2023,TOMATE CHONTO*KILO,6301,Mercamio
11 Sep 2023,TOMATE CHONTO*KILO,5979,Mercamio
14 Aug 2023,TOMATE CHONTO*KILO,4580,Mercamio
07 Apr 2024,TONICA PREMIUM OCE,24700,Exito
11 Mar 2024,TORTILLA HAZ DE ORO*180g*6und RITAS,5600,Mercamio
04 Feb 2024,TORTILLA HILAND GRANDE*und(NVO),1600,Mercamio
15 Jan 2024,TORTILLA HILAND GRANDE*und(NVO),1600,Mercamio
15 Nov 2023,TORTILLA HILAND GRANDE*und(NVO),1600,Mercamio
01 Oct 2023,TORTILLA HILAND GRANDE*und(NVO),1600,Mercamio
11 Sep 2023,TORTILLA HILAND GRANDE*und(NVO),1600,Mercamio
14 Aug 2023,TORTILLA HILAND GRANDE*und(NVO),1600,Mercamio
15 Apr 2024,TOSTADA BIMBO*300g MANTEQUILLA 2 TACOS,6400,Mercamio
03 Mar 2024,TOSTADA BIMBO*300g MANTEQUILLA 2 TACOS,7400,Mercamio
15 Jan 2024,TOSTADA BIMBO*300g MANTEQUILLA 2 TACOS,6700,Mercamio
07 Nov 2023,TOSTADA BIMBO*300g MANTEQUILLA 2 TACOS,8990,Mercamio
11 Sep 2023,TOSTADA BIMBO*300g MANTEQUILLA 2 TACOS,8990,Mercamio
27 Nov 2023,TOSTADA MAMIPAN*200g*12und INTEGRAL,5150,Mercamio
27 Sep 2023,TOSTADA SUSANITA*80g INTEGRAL/QUINUA,5300,Mercamio
10 Apr 2024,TRITURADOR DE ACERO INOXIDABLE,20873,Dollarcity
16 Dec 2023,Tabla de quesos cele,21700,Jumbo
01 May 2024,Te Inst Alk Limon 500g,10900,Alkosto
01 May 2024,Toall Arrurru Aven Karit 270Un,33860,Alkosto
23 Feb 2024,Toall Arrurru Aven Karit 270Un,33860,Alkosto
27 Oct 2023,Toall Hum Alkosto Bebe 220u,16500,Alkosto
04 Jan 2024,Toalla Hum Winny Aloe X 324Und,43868,Alkosto
01 May 2024,Tomate  Cherry 500g,8900,Alkosto
20 Mar 2024,Tomate  Cherry 500g,8900,Alkosto
04 Jan 2024,Tomate  Cherry 500g,8400,Alkosto
23 Feb 2024,Tomate Chonto Orgnnico 900g,9800,Alkosto
01 May 2024,Tomate Chonto kg,4800,Alkosto
22 Apr 2024,Tomate Chonto kg,4800,Alkosto
07 Apr 2024,Tortillas Blancos,8700,Exito
27 Sep 2023,UVA ROJA IMPORTADA*KILO,23000,Mercamio
16 Dec 2023,VASO PLAS 9 OZ TRA,9990,Jumbo
11 Mar 2024,VINAGRE SELETTI*3000ml BLANCO,5450,Mercamio
11 Sep 2023,VINAGRE SELETTI*3000ml BLANCO,5450,Mercamio
14 Aug 2023,VINAGRETA BARY*1165g FCO,13650,Mercamio
16 Dec 2023,Vaso antigoteo sil,39989,Jumbo
16 Dec 2023,Vaso entrenamiento,55900,Jumbo
12 Apr 2024,Vinagreta Bary 1165g,16700,Alkosto
20 Oct 2023,YOG ALP BABYGU*105g C/CEREAL VAINILLA,3400,Mercamio
07 Oct 2023,YOG ALP BABYGU*105g C/CEREAL VAINILLA,3400,Mercamio
01 Oct 2023,YOG ALP BABYGU*105g C/CEREAL VAINILLA,3400,Mercamio
01 Oct 2023,YOG ALP BABYGU*105g C/CEREAL VAINILLA,3400,Mercamio
27 Sep 2023,YOG ALP BABYGU*105g C/CEREAL VAINILLA,3943,Mercamio
21 Apr 2024,YOG ALP BABYGU*113g MANZANA,3300,Mercamio
21 Apr 2024,YOG ALP BABYGU*113g MANZANA,3300,Mercamio
21 Apr 2024,YOG ALP BABYGU*113g MANZANA,3300,Mercamio
15 Apr 2024,YOG ALP BABYGU*113g MANZANA,3300,Mercamio
31 Mar 2024,YOG ALP BABYGU*113g MANZANA,3300,Mercamio
11 Mar 2024,YOG ALP BABYGU*113g MANZANA,3300,Mercamio
03 Mar 2024,YOG ALP BABYGU*113g MANZANA,3300,Mercamio
15 Jan 2024,YOG ALP BABYGU*113g MANZANA,3300,Mercamio
15 Jan 2024,YOG ALP BABYGU*113g MANZANA,3300,Mercamio
12 Dec 2023,YOG ALP BABYGU*113g MANZANA,3200,Mercamio
12 Dec 2023,YOG ALP BABYGU*113g MANZANA,3200,Mercamio
12 Dec 2023,YOG ALP BABYGU*113g MANZANA,3200,Mercamio
07 Oct 2023,YOG ALP BABYGU*113g MANZANA,3200,Mercamio
07 Oct 2023,YOG ALP BABYGU*113g MANZANA,3200,Mercamio
01 Oct 2023,YOG ALP BABYGU*113g MANZANA,3200,Mercamio
01 Oct 2023,YOG ALP BABYGU*113g MANZANA,3200,Mercamio
27 Sep 2023,YOG ALP BABYGU*113g MANZANA,3711,Mercamio
11 Sep 2023,YOG ALP BABYGU*113g MANZANA,3200,Mercamio
11 Sep 2023,YOG ALP BABYGU*113g MANZANA,3200,Mercamio
14 Aug 2023,YOG ALP BABYGU*113g MANZANA,3200,Mercamio
14 Aug 2023,YOG ALP BABYGU*113g MANZANA,3200,Mercamio
21 Apr 2024,YOG ALP BABYGU*113g NATURAL,3300,Mercamio
15 Apr 2024,YOG ALP BABYGU*113g NATURAL,3300,Mercamio
15 Apr 2024,YOG ALP BABYGU*113g NATURAL,3300,Mercamio
11 Mar 2024,YOG ALP BABYGU*113g NATURAL,3300,Mercamio
03 Mar 2024,YOG ALP BABYGU*113g NATURAL,3300,Mercamio
15 Jan 2024,YOG ALP BABYGU*113g NATURAL,3300,Mercamio
12 Dec 2023,YOG ALP BABYGU*113g NATURAL,3200,Mercamio
12 Dec 2023,YOG ALP BABYGU*113g NATURAL,3200,Mercamio
11 Sep 2023,YOG ALP BABYGU*113g NATURAL,3200,Mercamio
11 Sep 2023,YOG ALP BABYGU*113g NATURAL,3200,Mercamio
14 Aug 2023,YOG ALP BABYGU*113g NATURAL,3200,Mercamio
21 Apr 2024,YOG ALP BABYGU*113g VAINILLA,3300,Mercamio
15 Apr 2024,YOG ALP BABYGU*113g VAINILLA,3300,Mercamio
31 Mar 2024,YOG ALP BABYGU*113g VAINILLA,3300,Mercamio
31 Mar 2024,YOG ALP BABYGU*113g VAINILLA,3300,Mercamio
11 Mar 2024,YOG ALP BABYGU*113g VAINILLA,3300,Mercamio
03 Mar 2024,YOG ALP BABYGU*113g VAINILLA,3300,Mercamio
15 Jan 2024,YOG ALP BABYGU*113g VAINILLA,3300,Mercamio
12 Dec 2023,YOG ALP BABYGU*113g VAINILLA,3200,Mercamio
15 Nov 2023,YOG ALP BABYGU*113g VAINILLA,3200,Mercamio
15 Nov 2023,YOG ALP BABYGU*113g VAINILLA,3200,Mercamio
15 Nov 2023,YOG ALP BABYGU*113g VAINILLA,3200,Mercamio
15 Nov 2023,YOG ALP BABYGU*113g VAINILLA,3200,Mercamio
15 Nov 2023,YOG ALP BABYGU*113g VAINILLA,3200,Mercamio
20 Oct 2023,YOG ALP BABYGU*113g VAINILLA,3200,Mercamio
20 Oct 2023,YOG ALP BABYGU*113g VAINILLA,3200,Mercamio
20 Oct 2023,YOG ALP BABYGU*113g VAINILLA,3200,Mercamio
07 Oct 2023,YOG ALP BABYGU*113g VAINILLA,3200,Mercamio
01 Oct 2023,YOG ALP BABYGU*113g VAINILLA,3200,Mercamio
27 Sep 2023,YOG ALP BABYGU*113g VAINILLA,3200,Mercamio
11 Sep 2023,YOG ALP BABYGU*113g VAINILLA,3200,Mercamio
11 Sep 2023,YOG ALP BABYGU*113g VAINILLA,3200,Mercamio
27 Aug 2023,YOG ALP BABYGU*113g VAINILLA,3200,Mercamio
27 Aug 2023,YOG ALP BABYGU*113g VAINILLA,3200,Mercamio
27 Aug 2023,YOG ALP BABYGU*113g VAINILLA,3200,Mercamio
27 Aug 2023,YOG ALP BABYGU*113g VAINILLA,3200,Mercamio
27 Aug 2023,YOG ALP BABYGU*113g VAINILLA,3200,Mercamio
27 Aug 2023,YOG ALP BABYGU*113g VAINILLA,3200,Mercamio
14 Aug 2023,YOG ALP BABYGU*113g VAINILLA,3200,Mercamio
14 Aug 2023,YOG ALP BABYGU*113g VAINILLA,3200,Mercamio
20 Oct 2023,YOG ALP*1750g FRESA,19265,Mercamio
21 Apr 2024,YOG ALP*1750g MELOCOTON,19351,Mercamio
27 Sep 2023,YOG ALP*1750g MELOCOTON,14925,Mercamio
31 Mar 2024,YOG FINESSE*1700g FRESA BOTELLA,22990,Mercamio
12 Dec 2023,YOG FINESSE*1700g FRESA BOTELLA,21990,Mercamio
14 Aug 2023,YOG FINESSE*1700g FRESA BOTELLA,21990,Mercamio
15 Jan 2024,YOG FINESSE*1700g MELOCOTON BOTELLA,22990,Mercamio
15 Nov 2023,YOG FINESSE*1700g MELOCOTON BOTELLA,21288,Mercamio
07 Apr 2024,YOGURT SIN DULC SA,3500,Exito
07 Apr 2024,YOGURT SIN DULC SA,3500,Exito
07 Apr 2024,YOGURT SIN DULC SA,3500,Exito
14 Aug 2023,YUCA EMPACADA AL VACIO*500g,3950,Mercamio
23 Feb 2024,Yog Finesse Fresa Bot 1700g,23150,Alkosto
09 Feb 2024,Yog Finesse Melocot Bot 1700g,23150,Alkosto
01 May 2024,Yogurt BabyGu Stdo Vas 6u 678g,19900,Alkosto
20 Mar 2024,Yogurt BabyGu Stdo Vas 6u 678g,19900,Alkosto
23 Feb 2024,Yogurt BabyGu Stdo Vas 6u 678g,20100,Alkosto
04 Jan 2024,Yogurt BabyGu Stdo Vas 6u 678g,20100,Alkosto
21 Apr 2024,ZANAHORIA*KILO,3600,Mercamio
31 Mar 2024,ZANAHORIA*KILO,3600,Mercamio
10 Mar 2024,ZANAHORIA*KILO,3780,Mercamio
04 Feb 2024,ZANAHORIA*KILO,2779,Mercamio
23 Jan 2024,ZANAHORIA*KILO,3100,Mercamio
15 Jan 2024,ZANAHORIA*KILO,3180,Mercamio
02 Jan 2024,ZANAHORIA*KILO,2979,Mercamio
20 Oct 2023,ZANAHORIA*KILO,1780,Mercamio
01 Oct 2023,ZANAHORIA*KILO,1701,Mercamio
11 Sep 2023,ZANAHORIA*KILO,1899,Mercamio
27 Aug 2023,ZANAHORIA*KILO,1782,Mercamio
14 Aug 2023,ZANAHORIA*KILO,1780,Mercamio
01 May 2024,Zanahoria Buena Santerra 1000g,4800,Alkosto
20 Mar 2024,Zanahoria Buena Santerra 1000g,4800,Alkosto
23 Feb 2024,Zanahoria Buena Santerra 1000g,4800,Alkosto
