nombre_original,Almacen,Marca,Categoria,Sabor,Marca_1
12 MINI MARCADORES LAVABLES P/,Dollarcity,,,,
ACEITE DIANA*2000ml C/VITAMINAS A/D,Mercamio,,Aceite,,
ACEITE GIRASOL CADADIA*3000ml,Mercamio,,Aceite,,
ACEITE OLEOCALI*1000ml,Mercamio,,Aceite,,
ACEITE OLIVA EX/VIR S/FELIPE*1000ml,Mercamio,,Aceite,,
AGUA BRISA*600ml*6und PET,Mercamio,,Agua,,
AGUA MANANTIAL*1500ml,Mercamio,,Agua,,
AGUA MIA*1000ml NATURAL PET,Mercamio,,Agua,,
AGUACATE HASS*KILO,Mercamio,,Aguacate,,
AGUACATE PAPELILLO VERDE*KILO,Mercamio,,Aguacate,,
AJO EL REY*25g PURO,Mercamio,,Condimento,Ajo,
AJO EL REY*55g CHAPETA,Mercamio,,Condimento,Ajo,
ALIM DOGOURMET*1000g ADULTOS C/PARR,Mercamio,,Concentrado,,
ALIM DOGOURMET*1000g PAVO/POLLO ADULTO,Mercamio,,Concentrado,,
ALIM DOGOURMET*2000g ADUL 2/PROT SALM/CA,Mercamio,,Concentrado,,
ALIM DOGOURMET*2000g ADULTO CARNE PARRIL,Mercamio,,Concentrado,,
ALIM DOGOURMET*2000g PAVO/POLLO ADULTO,Mercamio,,Concentrado,,
ALIM PEDIGREE*100g ADUL RP/CARNE POUCH,Mercamio,,Concentrado,,
ALIM PEDIGREE*100g POUCHES ADUL RP/POLLO,Mercamio,,Concentrado,,
ALIM PEDIGREE*100g*5und STDO ECONO PACK,Mercamio,,Concentrado,,
ALIM PEDIGREE*100g*8und POUCH STDO P6LL8,Mercamio,,Concentrado,,
AMB MERCAMIO*40ml AZAHARES DE LIMA,Mercamio,,Ambientador,,
AMB MERCAMIO*40ml DIF/BAMBU FRUT/TROPICO,Mercamio,,Ambientador,,
ARANDANO BIOHUERTO*125g ORGANICO,Mercamio,,Arandano,,
ARANDANOS FRUTAS*125g,Mercamio,,Arandano,,
AREPAS DONA ALEJA*500g*20 QUESO BJA,Mercamio,,Arepa,,
AREPAS DONA RITA*450g*6 MEDIANOCHE,Mercamio,,Arepa,,
AREPAS DONA RITA*600g*4 C/QUESO MOZARE,Mercamio,,Arepa,,
ARROZ DIANA*1000g PREMIUM,Mercamio,,Arroz,,
ARROZ DIANA*500g,Mercamio,,Arroz,,
ATUN SELETTI*160g LOMO AC/OLIVA,Mercamio,,Atun,,
AVENA TONING*1000g HOJUELA,Mercamio,,Avena,,
AZUCAR MANUELITA*1000g,Mercamio,,Azucar,,
AZUCAR MAYAGUEZ*1000g BLANCO,Mercamio,,Azucar,,
Aceite GOURMET oli,Jumbo,,Aceite,,
Agua Clarity 1.5 Litros,Alkosto,,Agua,,
Agua Cristal Eco Pack 1L,Alkosto,,Agua,,
Agua Manantial 1500ml,Alkosto,,Agua,,
Aguacate Und,Exito,,Aguacate,,
Aguacate kg,Alkosto,,Aguacate,,
Ajo Mac Molido 125g,Alkosto,,Condimento,Ajo,
Arandano 125g,Alkosto,,Arandano,,
Atun Alkosto Aceite 170g x3,Alkosto,,Atun,,
BAGUETTE CUISINE&CO,Jumbo,,Baguette,,
BANANO COMUN/CRIOLLO*KILO,Mercamio,,Banano,,
BANO ALMIPRO*400ml LIQ AVENA/ALOE VERA,Mercamio,,Crema de baño,,
BARQUILLOS PIAZZA*30g DELEITE CHOC/AVELL,Mercamio,,Barquillos,,
BARQUILLOS PIAZZA*44g CHOCOLAT,Mercamio,,Barquillos,,
BARQUILLOS PIAZZA*45g COOKIES&CREAM,Mercamio,,Barquillos,,
BASE MAGGI*50g BECHAMEL SOB,Mercamio,,Condimento,,Maggi
BASE MAGGI*50g CARNE DESMECHADA,Mercamio,,Condimento,,Maggi
BEBIDA HIDRA GATORADE*500ml TROPICAL NVO,Mercamio,,Bebida Hidratante,,Gatorade
BEBIDA LAC BONYURT*1020g 6und STDO,Mercamio,,Bebida Lactea,,BonYurt
BEBIDA LAC BONYURT*170g*4 ZUCARITAS PACK,Mercamio,,Bebida Lactea,,BonYurt
BEBIDA LAC BONYURT*174g BARQUILLO PIAZZA,Mercamio,,Bebida Lactea,,BonYurt
BEBIDA LAC YOGO YOGO*185ml*6und MEL/FRES,Mercamio,,Bebida Lactea,,Yogo Yogo
BEBIDA MILO*375g ACTIV GO DOY PACK,Mercamio,,Chocolate,,Milo
BLANQ CLOROX*1800ml+BLANQ*460ml ORIGINAL,Mercamio,,Blanqueador,,
BOLSA BASURA*10und*65*90cm NEGRA RESIDEN,Mercamio,,Bolsa Basura,,
BOLSA BASURA*30und*43*48cm VERDE PAPELER,Mercamio,,Bolsa Basura,,
BOLSA BIO*10und 65*90 NEGRA RESIDENCIAL,Mercamio,,Bolsa Basura,,
BOLSA BIO*10und 65*90 VERDE ORDINARIOS,Mercamio,,Bolsa Basura,,
BOLSA BIO*30und 43*48 NEGRA PAPELERA,Mercamio,,Bolsa Basura,,
BOLSA PLASTICA MERCAMIO REUTILIZABLE*und,Mercamio,,Bolsa Reutilizable,,
BOLSA PLáSTICA,Dollarcity,,Bolsa,,
BOLSO ORGANIZADOR,Dollarcity,,Organizador,,
BUNUELOS MAIZENA*300g,Mercamio,,Bunuelos,,
Banano,Exito,,Banano,,
Banano Criollo kg,Alkosto,,Banano,,
Base Maggi Pasta Bechamel 50g,Alkosto,,Base Pasta,,
Beb Hidr Gatorade Mandarina 1L,Alkosto,,Bebida Hidratante,,Gatorade
Blanqueador Alkosto 3.8L,Alkosto,,Blanqueador,,
Bls Hermet Alk 28x27cm 20und,Alkosto,,Bolsas hermeticas,,
C/CERDO CHORIZO MINI*UND,Mercamio,,Carne de cerdo,,Chorizo
C/CERDO CHULETON*KILO IMPORTADO,Mercamio,,Carne de cerdo,,Chuleton
C/CERDO COSTILLA*KILO MERCAMIO AHUMADA,Mercamio,,Carne de cerdo,,Costilla
C/CERDO ESPINAZO*KILO,Mercamio,,Carne de cerdo,,Espinazo
C/CERDO LOMO*KILO,Mercamio,,Carne de cerdo,,Lomo
C/CERDO PERNIL*KILO,Mercamio,,Carne de cerdo,,Pernil
C/CERDO PERNIL*KILO ESPECIAL,Mercamio,,Carne de cerdo,,Pernil Especial
C/CERDO TOCINO CON CARNE MAGRA*KILO,Mercamio,,Carne de cerdo,,Tocino
C/RES BOFFE AHUMADO*KILO,Mercamio,,Carne de res,,Boffe
C/RES CADERITA ESPEC*KILO,Mercamio,,Carne de res,,Caderita
C/RES HUESO COGOTE*KILO,Mercamio,,Carne de res,,Hueso Cogote
C/RES LOMO REDONDO NORMAL*KILO,Mercamio,,Carne de res,,Lomo Redondo
C/RES MOLIDA ESPEC*KILO,Mercamio,,Carne de res,,Molida Especial
C/RES MOLIDA NORMAL*KILO,Mercamio,,Carne de res,,Molida
C/RES SOBREBARRIGA ESPEC*KILO,Mercamio,,Carne de res,,SobreBarriga
CAFE AGUILA ROJA*125g,Mercamio,,Cafe,,
CAFE AGUILA ROJA*400g,Mercamio,,Cafe,,
CAFE JUAN VALDEZ*50g LIOFILIZADO,Mercamio,,Cafe,,
CAFE TOSTAO*454g SELECTO,Mercamio,,Cafe,,
CAJA INCIENSO X 25 UND MANDARI,Dollarcity,,Incienso,,
CAJA INCIENSO X 25 UND VAINILL,Dollarcity,,Incienso,,
CAMARON SELETTI*350g D/PISCINA PRECOCIDO,Mercamio,,Camaron,,
CAMARON SR WOK*250g DINAMITA,Mercamio,,Camaron,,
CANASTA PLASTICA RECT C/ACABAD,Dollarcity,,Canasta plastica,,
CANASTA PLASTICA RECT SIMULACI,Dollarcity,,Canasta plastica,,
CANELA SELETTI*28g MOLIDA,Mercamio,,Condimento,,
CARNE RANCHERA*600g CERDO S/CAMP PORCION,Mercamio,,Carne de res,,Ranchera
CEBOLLA CABEZONA*KILO BLANCA SIN PELAR,Mercamio,,,,
CEP DENT COLGATE 360*2und SUAVE P.E,Mercamio,,,,
CEP DENT ORAL-B COMPLETE*3und P2LL3/SUAV,Mercamio,,,,
CEP DENT ORAL-B KIDS SUAVE 3 ANOS,Mercamio,,,,
CEREAL KELLOGGS*350g CON/FLAKES,Mercamio,,,,
CEREAL NESTLE*720g CHOCAPIC CAJA,Mercamio,,,,
CERVEZA CORONITA*210*6und BOTELLA,Mercamio,,,,
CHAMPINON ZENU*460g TAJADO,Mercamio,,,,
CHOCLO/MAZORCA DULCE*KILO,Mercamio,,,,
CHOCOBREAK BOMBON COOKIES CREA,Dollarcity,,,,
CHOCOLA CORONA*500g TRADICIONAL ZEBRA,Mercamio,,,,
CHOCOLA CORONA*500gDULCE ZEBRA,Mercamio,,,,
CHOCOLATI CHOCOBREAK*250g*50und,Mercamio,,,,
CHOCOLATI KINDER JOY*20g SORPRESA NINA,Mercamio,,,,
CHOCOLATI ROCHER*100g*8 CHAMPANA,Mercamio,,,,
CHULETA EL DORADO*450g*10und PESCADO,Mercamio,,,,
CILANTRO*UND PAQUETE,Mercamio,,,,
COLONIA ARRURU*220ml ORIGINAL,Mercamio,,,,
CONC CRISTAL BALDE 10LTR CON PICO,Mercamio,,,,
CONC CRISTAL CAJA FORTE #1 MEDIA KENDY,Mercamio,,,,
CONC CRISTAL CAJA KENDY FRESCH CUADRADA,Mercamio,,,,
COSTILLA BERNA*500g CERDO,Mercamio,,,,
CREMA ANTIP ALMIPRO*60g UNGUENTO,Mercamio,,,,
CREMA LECHE ALQUERIA*180g,Mercamio,,,,
CREMA LECHE ALQUERIA*210g GTS 30g,Mercamio,,,,
CREMA MANI MANITOBA*200g S/AZUCAR,Mercamio,,,,
CREMA SOPERA*41.5g AJIACO*3PORC,Mercamio,,,,
CREMA SOPERA*45.5g MAZ/TIERNA*3POR,Mercamio,,,,
CREMA SOPERA*45g CHAMPINONES*3POR,Mercamio,,,,
CREMA SOPERA*45g POLLO*3PORC,Mercamio,,,,
CREMA WHISKY BAILEYS*700ml,Mercamio,,,,
CROUTONS SUSANITA*140g CAESAR LIGHT,Mercamio,,,,
CROUTONS SUSANITA*140g HIERBAS LIGHT,Mercamio,,,,
Cadera de Res kg,Alkosto,,,,
Cafe Aguila Roja Molido x 500g,Alkosto,,Cafe,,
Cafe Hatsu Mol Origen 340g,Alkosto,,Cafe,,
Cafe Mol Matiz Marfil 340g,Alkosto,,Cafe,,
Cafe Sello Rojo 500g,Alkosto,,Cafe,,
Cep Dent Colg Minion 2-5 x2,Alkosto,,,,
Cep Dent OralB Complet Suav x3,Alkosto,,,,
Cereal ChocoKrispi Kello 1500g,Alkosto,,,,
Cerv x 6 Heineken,Exito,,,,
Cervez Budweiser Lat 269ml x6u,Alkosto,,,,
Choc Coron Trad 500g x3 Resell,Alkosto,,,,
Chocolate JET rell,Jumbo,,,,
Chocorramo Ramo x5u 325g,Alkosto,,,,
Chorizo Rica x1000g,Alkosto,,,,
Chorizo santarrosa,Jumbo,,,,
Cmb Jarro12Cm+Perol10Cm Tal,Alkosto,,,,
Costilla Berna Ahumada 450g,Alkosto,,,,
Cr Den Colg Tot Ant/Sar 75mlx3,Alkosto,,,,
Cr Peinar Muss Kids Manz 300ml,Alkosto,,,,
Crema LaSopera Std x3u 257g PE,Alkosto,,,,
DEDO K-LISTO*360g*12 COCTEL,Mercamio,,,,
DEDO K-LISTO*650g*10 QUESO,Mercamio,,,,
DESINF PATO PASTILLA*30g ADHES/CITRICO,Mercamio,,,,
DESINF PATO PASTILLA*30g ADHES/LAVANDA,Mercamio,,,,
DESMANCH VANISH*1800ml+800ml BLC DOYPACK,Mercamio,,,,
DET MERCAMIO*2000ml LIQ PROTECCION COLOR,Mercamio,,,,
DETERGENTE LIQUIDO,Exito,,,,
DURAZNO COMUN*KILO,Mercamio,,,,
Dedit Queso Finesse 30g x6u,Alkosto,,,,
Dedo Queso K-Listo x10 650g,Alkosto,,,,
Des Pies Mexsana Avena 260mlx2,Alkosto,,,,
Des Pies Mexsana Lady 260mlx2,Alkosto,,,,
Des Roll LSS Floral 50ml x2,Alkosto,,,,
Des Roll Nivea Men B&W 50ml x2,Alkosto,,,,
Det Alkosto Liquido Floral 4L,Alkosto,,,,
Det Liq Woolite Baby 2L,Alkosto,,,,
Detergen Liq Alk Ecologico 4L,Alkosto,,,,
Dogourmet Adul Carne/Parr 4Kg,Alkosto,,,,
Domino Lata Mickey Ronda,Alkosto,,,,
Dulc Mast Halloween 380g,Alkosto,,,,
EMPANADA P/VIEJO*500g*30und COCTEL,Mercamio,,,,
EMPANADA P/VIEJO*600g*10und CASERA,Mercamio,,,,
ENJUAG PLAX*500ml SOFT MINT,Mercamio,,,,
ESPARCIBLE CANOLA LIFE*454g,Mercamio,,,,
ESPARCIBLE NATURA*125G BARRA,Mercamio,,,,
ESPARCIBLE PREMIER*125g BARRA,Mercamio,,,,
ESPINACA BIOHUERTO*250g TIERNA ORGANICA,Mercamio,,,,
ESPINACA TIERNA OR,Exito,,,,
ESPINACA*KILO,Mercamio,,,,
ESPONJA BONBRIL*3und DOBLE USO JUNIOR,Mercamio,,,,
ESPONJA SCOTCH BRITE*und CLASICA VER/AMA,Mercamio,,,,
ESPUMA PRESTOBARBA*150g SENS/AFEITAR,Mercamio,,,,
ESTROPAJO ESTROCAUCA GUANTE,Mercamio,,,,
Empanada PuebloViejo x10un600g,Alkosto,,,,
Espinaca kg,Alkosto,,,,
Esponja Scotch Salva Unas P2L3,Alkosto,,,,
FIGURAS DE GOMA ESPUMA,Dollarcity,,,,
FILETE DE PECHUGA PORCION*KILO,Mercamio,,,,
FILETE PECHUGA DELICHICKS*6und PORCIONAD,Mercamio,,,,
FLOTADOR DE PISICINA DE ESPONJ,Dollarcity,,,,
FRESA BANDEJA EXTRA*500g,Mercamio,,,,
FRESA BANDEJA OFERTA*500g,Mercamio,,,,
FRESCAVENA QUAKER*180g FRESA DP,Mercamio,,,,
FRIJOL FLORESTA CARGAMANTO ROJ0*500g,Mercamio,,,,
FRIJOLES ZENU*220g DEL RANCHO,Mercamio,,,,
FRIJOLES ZENU*310g ANTIOQUENOS,Mercamio,,,,
Fresa Extra,Exito,,,,
Frijol Antioque Zenu 310g x2u,Alkosto,,,,
GALLETA DUCALES*430g*4 TACOS,Mercamio,,,,
GALLETA NOEL*200g NAVIDAD BOLSA,Mercamio,,,,
GALLETA SALTIN*524g 6 TACOS,Mercamio,,,,
GASEOSA POSTOBON*3125ml PEPSI NVO,Mercamio,,,,
GELAT FRUTINO*35g*3und FRE-CER-FRU,Mercamio,,,,
GELAT FRUTINO*35g*3und LIM-FRE-FRU,Mercamio,,,,
GELAT FRUTINO*35g*3und MAN-FRE-FRU,Mercamio,,,,
GELAT FRUTINO*35g*4und SURTIDO,Mercamio,,,,
GELAT GELHADA*30g S/SABOR,Mercamio,,,,
GRAN PROTECTOR ANT,Jumbo,,,,
Gala Ramo Surtido x5u 300g,Alkosto,,,,
Gaseosa COCA COLA,Jumbo,,,,
Gaseosa Manzana PO,Jumbo,,,,
Gelatina Frutino Std 35g x6u,Alkosto,,,,
HARINA APANAR BIMBO*500g CLASICA,Mercamio,,Harina,,
HARINA DONAREPA*1000g PERLADA BLANCA,Mercamio,,Harina,,
HARINA TRIGO HAZ DE OROS*1000g,Mercamio,,Harina,,
HARINA TRIGO HAZ DE OROS*500g,Mercamio,,Harina,,
HUEVO CODORNIZ MERCAMIO*24und,Mercamio,,Huevo,,
HUEVO CREMA AVELLANA JACKIE PR,Dollarcity,,Huevo,,
HUEVO MERCAMIO ROSADO A*30und,Mercamio,,Huevo,,
HUEVO MERCAMIO ROSADO A*30und SUELTO,Mercamio,,Huevo,,
HUEVO MERCAMIO ROSADO AA*30und,Mercamio,,Huevo,,
HUEVO MERCAMIO ROSADO AA*30und SUELTO,Mercamio,,Huevo,,
HUEVO MERCAMIO ROSADO AAA*30und,Mercamio,,Huevo,,
HUEVO NAPOLES ROJO AA*30und VITAFIL,Mercamio,,Huevo,,
Harina Soya Platano Toning 1K,Alkosto,,Harina,,
Huevo  Alkosto  Rojo AA 60U,Alkosto,,Huevo,,
IMANES MULTIUSOS - COLORES SUR,Dollarcity,,,,
IMPOCON BOLSA,Mercamio,,,,
INSECT EXTERMIN*400ml*2und VOLAD GTS INS,Mercamio,,,,
INSTACREM*144g*36und DISP,Mercamio,,,,
Impuesto Bolsa Plástica,Dollarcity,,,,
JAB DOVE*90g*3und BLANCO,Mercamio,,,,
JAB INTIMO INTIBON*120g SALVIA/CALENDULA,Mercamio,,,,
JAB MERCAMIO*2000ml ANTIB/AVENA,Mercamio,,,,
JAB MERCAMIO*3800ml ANTIB/AVENA,Mercamio,,,,
JAB MERCAMIO*500ml ANTIB/AVENA,Mercamio,,,,
JAB PROTEX*110g*3und MACADAMIA,Mercamio,,,,
JAB VEL ROSITA*180g BARRA,Mercamio,,,,
JAMON RICA*400g IDEAL,Mercamio,,,,
JARRA DE PLASTICO PARA LECHE,Dollarcity,,,,
JUEGO DE MESA LANZA BOLAS,Dollarcity,,,,
JUGO DEL VALLE*188ml*6und P5LL6 STDO,Mercamio,,,,
JUGUETE LANZA BURBUJAS,Dollarcity,,,,
Jab Toc Protex Macad 110g x6u,Alkosto,,,,
Jab Vel Rosita 180g x 3 Un,Alkosto,,,,
Jamon Ideal Rica 400g,Alkosto,,,,
KIT CREMA/JABON LUXURY SPA NAT,Dollarcity,,,,
KIT D/LANZADOR Y CAMPO D/TIRO ,Dollarcity,,,,
KIT DE HERRAMIENTAS MEDICAS DE,Dollarcity,,,,
KUMIS ALPINA*200g VASO,Mercamio,,,,
KUMIS COLACTEOS*210g,Mercamio,,,,
KUMIS COLANTA*200g VASO,Mercamio,,,,
L Alqueria Ent Crem LV 1.3L x6,Alkosto,,,,
L Colanta Entera LV Bls 1L x6u,Alkosto,,,,
LAPICEROS PARA PINATA 8U,Dollarcity,,,,
LAVALOZA MERCAMIO*2000ml LIMON/LIQUI,Mercamio,,,,
LECHE ALPINA*1300ml*6und ENTERA BOLSA,Mercamio,,,,
LECHE ALQUERIA*1000ml*6und S/CREMOS ENTE,Mercamio,,,,
LECHE COLANTA*900g ENTERA POLVO,Mercamio,,,,
LECHE CONDENSA LECHERA*504g GTS 20%CONTE,Mercamio,,,,
LECHE CONDENSA LECHERA*600g DP,Mercamio,,,,
LECHE CONDENSA LECHERA*90g DP,Mercamio,,,,
LECHUGA CRES*UND ORGANICA BOLSA,Mercamio,,,,
LECHUGA MIXTA*UNIDAD,Mercamio,,,,
LENTEJA SELETTI*500g,Mercamio,,,,
LENTEJA ZENU*310g PAPAS/ZANAHORIAS,Mercamio,,,,
LIBRETA PARA COLOREAR/CALCOMAN,Dollarcity,,,,
LIMON TAHITI*KILO,Mercamio,,,,
LIMP MERCAMIO*3000ml PISO/LAVANDA,Mercamio,,,,
LIMP MERCAMIO*5000ml LAVANDA,Mercamio,,,,
LIMP MERCAMIO*5000ml PISO/LAVANDA,Mercamio,,,,
LOMIT DE TILAPIA EL DORADO*450g*6und,Mercamio,,,,
Lavaloz Liq Alk Ant Citru 3.7L,Alkosto,,,,
Leche ALQUERIA sab,Jumbo,,,,
Leche Alk Entera 1100ml x6u,Alkosto,,,,
Leche Sanfern Entera 1100mlx6U,Alkosto,,,,
Lechuga Hidro Verde Cresp 180g,Alkosto,,,,
Lechuga Verde Crespa x 200 g,Alkosto,,,,
Lentejas Zenu 310g,Alkosto,,,,
Limon Tahiti kg,Alkosto,,,,
Limp Tanque Tergo Blue 110g,Alkosto,,,,
MAIZ DONA LUPE PIRA*500g,Mercamio,,,,
MAIZ DULCE SELETTI*425g,Mercamio,,,,
MAIZ SELETTI PIRA*500g,Mercamio,,,,
MANDARINA ARRAYANA*KILO,Mercamio,,,,
MANGO GRUESO*KILO,Mercamio,,,,
MANGO MADURO,Exito,,,,
MANTEQ ALPINA*125g BAJ/SAL,Mercamio,,,,
MANTEQ ALPINA*125g C/SAL,Mercamio,,,,
MANZANA GALA*KILO,Mercamio,,,,
MANZANA ROJA*KILO,Mercamio,,,,
MANZANA*UND BOLSA 1K,Mercamio,,,,
MAQUINA SCHICK*und QUATTRO4 SENSIBLE MUJ,Mercamio,,,,
MARCADORES DE COLORES,Dollarcity,,,,
MARRANITAS RICURA*480g*8und T/COCTEL,Mercamio,,,,
MAYON FRUCO*380g D/P,Mercamio,,,,
MERMELADA CONSTANCIA*200g FRESA,Mercamio,,,,
MERMELADA CONSTANCIA*200g MORA,Mercamio,,,,
MEZCLA HAZ DE ORO*600g PANCAKES/,Mercamio,,,,
MIEL ABEJA PARAISO*500g,Mercamio,,,,
MIEL SYRUP HAZ D/OROS*340ml PANKAK REGUL,Mercamio,,,,
MINIGALLETA HAPPY*5und PERRO,Mercamio,,,,
MUSLOS BLANCO MERCAMIO*und,Mercamio,,,,
Maiz Tierno Alkosto 425g,Alkosto,,,,
Mamipancito Blanco x20U 350g,Alkosto,,,,
Mandarina kg,Alkosto,,,,
Mango Variedad kg,Alkosto,,,,
Mantequill Alpina Con Sal 125g,Alkosto,,,,
Mantequill Alpina Sin Sal 125g,Alkosto,,,,
Mermelada SCHWARTA,Jumbo,,,,
Mermelada TFM nara,Jumbo,,,,
Milanesa de Cerdo Bja kg,Alkosto,,,,
NARANJA J/MIEL*2500g MALLA,Mercamio,,,,
NARANJA TANGELO*KILO,Mercamio,,,,
NATILLA MAIZENA*300g AREQUIPE,Mercamio,,,,
NESQUIK NUTRIB CHO,Jumbo,,,,
NUGGETS ZENU*512g*32und POLLO APANADO,Mercamio,,,,
Naranja Tangelo kg,Alkosto,,,,
OBLEAS GAMBA*150g*24und BOLSA,Mercamio,,,,
PAN BIMBO*350g HAMBURGUESA,Mercamio,,,,
PAN BIMBO*360g*4und HAMBURGUESA DORADO,Mercamio,,,,
PAN BIMBO*600g BLANCO ACTIDEFENS,Mercamio,,,,
PAN KUTY*400g MANTEQUILLA,Mercamio,,,,
PAN MAMIPAN*210g*12und MAMIPANCITO,Mercamio,,,,
PAN MAMIPAN*350g MAMIPANCITO,Mercamio,,,,
PAN MAMIPAN*650g SUPER SANDWICH,Mercamio,,,,
PANELA LIBANO*1000g*2UND REDONDA,Mercamio,,,,
PANELA PALEST*1000g*8 REDONDITAS,Mercamio,,,,
PAPA AMARILLA/CRIOLLA*KILO GRANEL,Mercamio,,,,
PAPA LIMPIA*KILO,Mercamio,,,,
PAPA PARDA*2500g BOLSA,Mercamio,,,,
PAPA PARDA*5000g BOLSA,Mercamio,,,,
PAPA PASTUSA,Exito,,,,
PAPA RAPIPAPA MC-CAIN*1000g DELGADAS,Mercamio,,,,
PAPAS COLOMBIA*450g FRITO MIX,Mercamio,,,,
PAPAS MARGARITA*105g LIMON,Mercamio,,,,
PAPAS MARGARITA*105g POLLO,Mercamio,,,,
PAPAYA COMUN*KILO,Mercamio,,,,
PAPEL H FAMILIA*15und(360.81m)EXTRA T.H,Mercamio,,,,
PAPEL H SUAVE GOLD*12und(384m) T/H,Mercamio,,,,
PASAB CALENAS*120g*8 ROSQUILLAS LONCHERA,Mercamio,,,,
PASAB CHEETOS*34g BOLIQUESO,Mercamio,,,,
PASAB DETODITO*165g BBQ,Mercamio,,,,
PASAB DETODITO*165g LIMON,Mercamio,,,,
PASAB DETODITO*400g NATURAL MAS AHORRO,Mercamio,,,,
PASAB SELETTI*85g PLATANITOS LIMON,Mercamio,,,,
PASTA CONZAZONI*500g PENNE RIGATE,Mercamio,,,,
PASTA LA MUNECA*500g CABELLO ANGEL,Mercamio,,,,
PASTA LA MUNECA*500g ESPAGUETIS,Mercamio,,,,
PELICULA PLAST FANZ*100mt ADHERENTE,Mercamio,,,,
PELICULA PLAST FANZ*30mt,Mercamio,,,,
PEPINO COHOMBRO*KILO,Mercamio,,,,
PERA VERDE*KILO,Mercamio,,,,
PESC FILETE TILAPIA*KILO,Mercamio,,,,
PLATANO COMUN*KILO,Mercamio,,,,
PLATANO MADURO *KILO,Mercamio,,,,
POLLO SR WOK*225g TERIYAKI,Mercamio,,,,
POLLO SR WOK*270g A LA NARANJA,Mercamio,,,,
PONQUE MERCAMIO*300g*5und TAJADO,Mercamio,,,,
PONQUE RAMO*60g GALA CHOCOLATE TAJADO,Mercamio,,,,
PONQUE RAMO*60g GALA VAINILLA TAJAD0,Mercamio,,,,
PONY MALTA*1500ml PET NVO,Mercamio,,,,
PROTECT CAREFREE*150und TODOSLOSDIAS,Mercamio,,,,
PULPA PULPI FRES*500g F/AMARILLOS MONDAD,Mercamio,,,,
PULPA PULPI FRES*500g F/ROJOS MONDADO BO,Mercamio,,,,
PULPA PULPI FRES*500g FRESA,Mercamio,,,,
PULPA PULPI FRES*500g MANGO/BSA,Mercamio,,,,
PULPA PULPI FRES*500g MARACUYA BOLSA MON,Mercamio,,,,
PULPA PULPI FRES*500g MORA,Mercamio,,,,
PULPA PULPI FRES*500g TROPICAL MONDADO B,Mercamio,,,,
PULPA PULPI FRES*500g UVA,Mercamio,,,,
PUNTA DE ANCA VENTA,Jumbo,,,,
Pan Taj Bimbo Blanc ActiD 600g,Alkosto,,,,
Panal Pampers Baby Dry Et3x104,Alkosto,,,,
Pap Super Fosforito Pollo 160g,Alkosto,,,,
Papa Criolla granel kg,Alkosto,,,,
Papa Francesa Alkosto 2Kg,Alkosto,,,,
Papa Granel Kg,Alkosto,,,,
Papa Super Picada Calima 400g,Alkosto,,,,
Papaya Comun,Exito,,,,
Papaya Kg,Alkosto,,,,
Pasta Alkosto Fideos 1000g,Alkosto,,,,
Pasta Tomate Sin S,Exito,,,,
Pepino Cohombro kg,Alkosto,,,,
Ph Famil Acol Mega 29.6Mt 24Rl,Alkosto,,,,
"PlanRp B+D Vap IRBD300 True""Az",Alkosto,,,,
Platano Harton Maduro kg,Alkosto,,,,
Platano Harton Verde kg,Alkosto,,,,
Play Doh Cubeta Su,Exito,,,,
Play Doh Individua,Exito,,,,
Pollo BERNA florenti,Jumbo,,,,
Protector Almohada 50x90,Alkosto,,,,
Protector Almohada Termo 70X50,Alkosto,,,,
Pulp Cong Alkosto Maracuy 500g,Alkosto,,,,
Pulpa Cong Alkosto Mango 500g,Alkosto,,,,
Pulpa Cong Alkosto Mora 500g,Alkosto,,,,
Pulpa Cong Alkosto Pina 500g,Alkosto,,,,
QUESO ALPINA*185g QUESITO,Mercamio,,,,
QUESO ALPINA*250g HOLANDES TRADICIONAL,Mercamio,,,,
QUESO ALPINA*250g PARMESANO,Mercamio,,,,
QUESO ANALOGO TIPO,Exito,,,,
QUESO AZTECA*200g CHEDDAR/DP,Mercamio,,,,
QUESO CALIDAD*300g MOZARELLA RALLADO,Mercamio,,,,
QUESO CALIDAD*400g D/CREMA TAJADO,Mercamio,,,,
QUESO COLANTA*230g CREMA,Mercamio,,,,
QUESO COLANTA*250g PARMESANO RALLADO,Mercamio,,,,
QUESO DEL VECCHIO*38g PERA,Mercamio,,,,
QUESO FLORIDA*250g T/CHEDDAR SANDWICH TA,Mercamio,,,,
QUESO MERCAMIO*400g DOBLE CREMA/TAJADO,Mercamio,,,,
QUESO SELETTI*400g DOBLE CREMA TAJADO,Mercamio,,,,
QUITA GRASA MR. MUSCULO 500ML,Dollarcity,,,,
QUITA MANCHA LIQUIDO VANISH BL,Dollarcity,,,,
QUITAMANCHA POLVO TANTE ROPA B,Dollarcity,,,,
Ques LaMaria Mozarell Taj 400g,Alkosto,,,,
Queso Alkosto Parmes Rall 250g,Alkosto,,,,
Queso Alpina Parmesano 250g,Alkosto,,,,
Queso Cheddar LaMaria Taj 400g,Alkosto,,,,
Queso D/Crema Colant Taj x250g,Alkosto,,,,
Queso Florida Sandw Tajad 250g,Alkosto,,,,
Queso Mozzarella/R,Exito,,,,
RAMO GALA TAJADA PONQUÉ VAINIL,Dollarcity,,,,
REFRE NARANYA*630g 9LT,Mercamio,,,,
REFRE TANGELO*286ml,Mercamio,,,,
REFRE TANGELO*286ml*4und,Mercamio,,,,
REFRE TROPICALYA*630g 9LT,Mercamio,,,,
Rapipapa McCain 9x9 Horno 1.5K,Alkosto,,,,
Recip Rectang Band Desag4150Ml,Alkosto,,,,
Refr Cifrut Citrus 250ml x15u,Alkosto,,,,
Rosquillas Calenas 15g x12,Alkosto,,,,
SAL REFISAL*1000g,Mercamio,,,,
SAL REFISAL*500g,Mercamio,,,,
SALCHICHA BERNA*460g AHUMADA,Mercamio,,,,
SALCHICHA RANCHERA*377g*11und,Mercamio,,,,
SALCHICHA RANCHERA*480g,Mercamio,,,,
SALCHICHA RANCHERA*480g P14LL17,Mercamio,,,,
SALSA CONSTANCIA*190g BARBECUE/DP,Mercamio,,,,
SALSA FRUCO*380g BBQ ARTESANAL TOQUE,Mercamio,,,,
SALSA FRUCO*400g TOMATE D/P,Mercamio,,,,
SALSA SAN JORGE*160ml SOYA,Mercamio,,,,
SAZONAREY*90g ZIPPER,Mercamio,,,,
SERV FAMILIA*200H 2EN1 NORMAL,Mercamio,,,,
SET DE ACUARELAS 8PK,Dollarcity,,,,
SET DE PINCELES DE ARTISTAS 7/,Dollarcity,,,,
SHAMP ARRURRU*750ml CABELLO CLARO,Mercamio,,,,
SHAMP NUTRIT*600ml CUIDADO NATURAL,Mercamio,,,,
SHAMP NUTRIT*600ml KERATINMAX,Mercamio,,,,
SHAMP NUTRIT*600ml RESTAURAMAX COCO,Mercamio,,,,
SUERO COSTENO ALQUERIA 200g BOLSA,Mercamio,,,,
Salchicha Ranchera Zenu 480g,Alkosto,,,,
Salsa LA CONSTACIA,Jumbo,,,,
Salsa LA CONSTANCI,Jumbo,,,,
Suaviz Alk Ropa Fant Prim 4L,Alkosto,,,,
TALCO MEXSANA*260ml LADY SPRAY (NV),Mercamio,,,,
TE SELETTI*300g 9lt FRUTOS ROJOS,Mercamio,,,,
TE SELETTI*300g*9lt LIMON,Mercamio,,,,
TE SELETTI*450g*9lt LIMON,Mercamio,,,,
TENAZA DE METAL CON PUNTAS DE ,Dollarcity,,,,
TEQUILA EL JIMADOR*700ml REPOSADO,Mercamio,,,,
TINTE PALETTE TUBO#9-1 RUBIO CLARO/CENIZ,Mercamio,,,,
TOALLAS PARA COCINA DE MICROFI,Dollarcity,,,,
TOALLITAS HUGGIES*80und MANITOS/CARITAS,Mercamio,,,,
TOALLITAS VIP BABY*120und JUMBO ALOE T/R,Mercamio,,,,
TOALLITAS VIP BABY*72und ALOE T/R,Mercamio,,,,
TOALLITAS WINNY*100und ALOE,Mercamio,,,,
TOMATE CHERRY,Exito,,,,
TOMATE CHERRY*KILO,Mercamio,,,,
TOMATE CHERRY*UND TARRINA,Mercamio,,,,
TOMATE CHONTO*KILO,Mercamio,,,,
TONICA PREMIUM OCE,Exito,,,,
TORTILLA HAZ DE ORO*180g*6und RITAS,Mercamio,,,,
TORTILLA HILAND GRANDE*und(NVO),Mercamio,,,,
TOSTADA BIMBO*300g MANTEQUILLA 2 TACOS,Mercamio,,,,
TOSTADA MAMIPAN*200g*12und INTEGRAL,Mercamio,,,,
TOSTADA SUSANITA*80g INTEGRAL/QUINUA,Mercamio,,,,
TRITURADOR DE ACERO INOXIDABLE,Dollarcity,,,,
Tabla de quesos cele,Jumbo,,,,
Te Inst Alk Limon 500g,Alkosto,,,,
Toall Arrurru Aven Karit 270Un,Alkosto,,,,
Toall Hum Alkosto Bebe 220u,Alkosto,,,,
Toalla Hum Winny Aloe X 324Und,Alkosto,,,,
Tomate  Cherry 500g,Alkosto,,,,
Tomate Chonto Orgnnico 900g,Alkosto,,,,
Tomate Chonto kg,Alkosto,,,,
Tortillas Blancos,Exito,,,,
UVA ROJA IMPORTADA*KILO,Mercamio,,,,
VASO PLAS 9 OZ TRA,Jumbo,,,,
VINAGRE SELETTI*3000ml BLANCO,Mercamio,,,,
VINAGRETA BARY*1165g FCO,Mercamio,,,,
Vaso antigoteo sil,Jumbo,,,,
Vaso entrenamiento,Jumbo,,,,
Vinagreta Bary 1165g,Alkosto,,Aderezo,,
YOG ALP BABYGU*105g C/CEREAL VAINILLA,Mercamio,,Yogurt,,
YOG ALP BABYGU*113g MANZANA,Mercamio,,Yogurt,,
YOG ALP BABYGU*113g NATURAL,Mercamio,,Yogurt,,
YOG ALP BABYGU*113g VAINILLA,Mercamio,,Yogurt,,
YOG ALP*1750g FRESA,Mercamio,,Yogurt,,
YOG ALP*1750g MELOCOTON,Mercamio,,Yogurt,,
YOG FINESSE*1700g FRESA BOTELLA,Mercamio,,Yogurt,,
YOG FINESSE*1700g MELOCOTON BOTELLA,Mercamio,,Yogurt,,
YOGURT SIN DULC SA,Exito,,Yogurt,,
YUCA EMPACADA AL VACIO*500g,Mercamio,,,,
Yog Finesse Fresa Bot 1700g,Alkosto,,Yogurt,,
Yog Finesse Melocot Bot 1700g,Alkosto,,Yogurt,,
Yogurt BabyGu Stdo Vas 6u 678g,Alkosto,,Yogurt,,
ZANAHORIA*KILO,Mercamio,,Zanahoria,,
Zanahoria Buena Santerra 1000g,Alkosto,,Zanahoria,,
